case_number,location,state,latitude,longitude
2018.06.25,"Oceanside, San Diego County",CA,33.1958696,-117.3794834
2018.06.18,"St. Simon Island, Glynn County",GA,31.1595905,-81.3885517
2018.06.09,"Habush, Oahu",HI,21.4389123,-158.0000565
2018.05.27,"Lighhouse Point Park, Ponce Inlet, Volusia County",FL,29.078526,-80.9218453
2018.05.26.b,"Cocoa Beach, Brevard  County",FL,28.3200067,-80.6075513
2018.05.26.a,"Daytona Beach, Volusia County",FL,29.2108147,-81.0228331
2018.05.21,"Isle of Palms,  Charleston County",SC,32.8194131,-79.7343791
2018.05.13.b,"Hilton Head Island, Beaufort County",SC,32.216316,-80.752608
2018.04.19,"Shipwreckâ€™s Beach, Keoneloa Bay, Kauai",HI,22.0964396,-159.5261238
2018.03.31,Kukio Beach,HI,19.8230556,-156.0008333
2017.12.31,"Hultin's Beach, Oahu",HI,21.4389123,-158.0000565
2017.12.30,"Drakes Estero, Point Reyes, Marin County",CA,38.0537357,-122.9409494
2017.11.24,"Stillwater Cove, Monterey County",CA,36.563945,-121.9423337
2017.11.18,"Floridana Beach, Brevard County",FL,27.9456312,-80.497996
2017.10.26,"White Plains Beach, Oahu",HI,21.3035275,-158.0452282
2017.10.23.b,"Juno Beach, Palm Beach County",FL,26.8797819,-80.0533743
2017.10.23.a,"Ocean Reef Park, Singer Island, Palm Beach County",FL,26.7937155,-80.032878
2017.10.18,"Lantana Beach, Palm Beach County",FL,26.5867358,-80.05198589999999
2017.10.09,"Davidsons Beach, Kekaha, Kauai",HI,21.9641667,-159.7088889
2017.10.05,"Kamaâ€˜ole Beach Park, Maui ",HI,20.7983626,-156.3319253
2017.09.25.b,"Hanna Park, Jacksonville, Duval County",FL,30.3709252,-81.4067718
2017.09.24.b,Rockaway,NY,40.9300943,-74.4872422
2017.09.24.a,Fort Worth,FL,32.7554883,-97.3307658
2017.09.20,Palm Beach County,FL,26.6514503,-80.2767327
2017.09.16.a,"Ponce Inlet, Volusia County",FL,29.0963729,-80.9369983
2017.09.13,"Ponce Inlet, Volusia County",FL,29.0963729,-80.9369983
2017.09.02.c,"Marathon, Monroe County",FL,24.726026,-81.0446262
2017.09.02.b,"South Padre Island, Cameron County",TX,26.1118401,-97.16812569999999
2017.09.02.a,"New Smyrna Beach, Volusia County",FL,29.0258191,-80.9269984
2017.08.27,Bathtub Beach ,FL,27.186242,-80.16036
2017.08.23,"Marconi Beach, Wellfleet, Barnstable County",MA,41.8917732,-69.96113059999999
2017.08.10,"Sea Pines Resort, Hilton Head Island, Beaufort County",SC,32.216316,-80.752608
2017.08.03,"Menauhant Beach, Falmouth,
Barnstable County",MA,41.5493017,-70.5557244
2017.08.01,"Between Pescadero Point & Bean Hollow Beach, San Mateo County",CA,36.5618363,-121.9543761
2017.07.31,"Jacksonvlle, Duval County",FL,30.3321838,-81.65565099999999
2017.07.29.c,"Hilton Head Island, Beaufort County",SC,32.216316,-80.752608
2017.07.29.a,"DeBordieu Colony, Georgetown County",SC,33.3690565,-79.1517111
2017.07.23.b,Ventnor,NJ,39.3403942,-74.4773735
2017.07.22,"Snipes Point, Monroe County",FL,24.6981975,-81.6739784
2017.07.20.c,"Hilton Head Island, Beaufort County",SC,32.216316,-80.752608
2017.07.20.b,"Stearns Wharf, Santa Barbara",CA,34.4103848,-119.6864584
2017.07.20.a,"Seal Rock, Goleta Beach, Santa Barbara",CA,34.4168342,-119.8322099
2017.07.14.b,"South Beach, Westport, Grays Harbor County",WA,46.8892838,-124.1050979
2017.07.11,"Santa Cruz, Santa Cruz County",CA,36.9741171,-122.0307963
2017.07.09,"Haulover Beach, Miami-Dade County",FL,25.9114426,-80.1234842
2017.06.29,Wrightsville Beach,SC,34.2085036,-77.7963709
2017.06.21,"South Forest Beach, Hilton Head Island, Beaufort County",SC,32.1421266,-80.7523971
2017.06.19,"Singer Island, Palm Beach County",FL,26.7850625,-80.03754080000002
2017.06.18.b,"Burkes Beach, Hilton Head, Beaufort County",SC,32.1940526,-80.6976655
2017.06.10.a,"Ponce Inlet, Volusia County",FL,29.0963729,-80.9369983
2017.06.04,"Middle Sambo Reef off Boca Chica, Monroe County",FL,29.0963729,-80.9369983
2017.05.30,"Awendaw, Charleston County",SC,33.0376703,-79.61312699999999
2017.05.28,Off Jupiter,FL,26.9342246,-80.0942087
2017.05.03,"Sunset Beach, Orange County",CA,33.7207336,-118.0735739
2017.04.29.d,"San Onofre, San Diego County ",CA,33.3728077,-117.5656012
2017.04.29.b,"Folly Beach, Charleston County",SC,32.6551798,-79.94036729999999
2017.04.20,Georgetown County,SC,33.4213399,-79.29021329999999
2017.04.17.b,"Daytona Beach, Volusia County",FL,29.2108147,-81.0228331
2017.04.14,"Kekaha Beach, Kauai",HI,21.9716899,-159.7304201
2017.04.13,"Hanna Park, Jacksonville, Duval County",FL,30.3709252,-81.4067718
2017.04.12.b,St. Augustine,FL,29.9012437,-81.31243409999999
2017.04.11,"Ormond Beach, Volusia County",FL,29.2858129,-81.0558894
2017.04.10.b,"Melbourne Beach, Brevard County",FL,28.0683496,-80.56033029999999
2017.04.10.a,"Melbourne Beach, Brevard County",FL,28.0683496,-80.56033029999999
2017.04.06,"Daytona, Volusia County",FL,29.2108147,-81.0228331
2017.04.05,"New Smyrna Beach, Volusia County",FL,29.0258191,-80.9269984
2017.04.02.a,"Destin, Okaloosa County",FL,30.3935337,-86.4957833
2017.03.27,"New Smyrna Beach, Volusia County",FL,29.0258191,-80.9269984
2017.03.18,Monterey Bay,CA,36.8007413,-121.947311
2017.02.11,"Melbourne Beach, Brevard County",FL,28.0683496,-80.56033029999999
2017.02.01.b,16 miles off Hilton Head,SC,32.216316,-80.752608
2017.01.22,"Vero Beach, Indian River County",FL,27.6386434,-80.39727359999999
2017.01.13.a,Jensen Beach,FL,27.2544906,-80.22976969999999
2017.01.05,"Blockhouse Beach, Brevard County",FL,28.2525727,-80.6031587
2016.12.27,"Avalon State Park Beach, North Hutchinson Island, St Lucie County",FL,27.5382739,-80.31620960000001
2016.12.11.a,"New Smyrna Beach, Volusia County",FL,29.0258191,-80.9269984
2016.11.14,"Kamaole Beach Park I, Maui",HI,20.7221617,-156.4479447
2016.10.30,"Mayport Naval Station Beach, Duval County",FL,30.3787375,-81.41039599999999
2016.10.29,Mayport Naval Station  Duval County,FL,30.38842279999999,-81.407636
2016.10.21,"Hooipa Beach Park, Maui",HI,20.9342545,-156.356079
2016.10.14,"Charlie Young Beach, Kihei, Maui",HI,20.7245696,-156.4490623
2016.10.10,"Indian Beach, Ecola State Park, Clatsop County",OR,45.9286181,-123.9785354
2016.10.02,"New Smyrna Beach, Volusia County",FL,29.0258191,-80.9269984
2016.10.01,"New Smyrna Beach, Volusia County",FL,29.0258191,-80.9269984
2016.09.18.c,"New Smyrna Beach, Volusia County",FL,29.0258191,-80.9269984
2016.09.18.b,"New Smyrna Beach, Volusia County",FL,29.0258191,-80.9269984
2016.09.18.a,"New Smyrna Beach, Volusia County",FL,29.0258191,-80.9269984
2016.09.17.b,"Bunkers, Humboldt Bay, Eureka, Humboldt County",CA,40.7195153,-124.242601
2016.09.11,"Ponte Vedra, St. Johns County",FL,30.2400058,-81.3852595
2016.09.07,"Makaha, Oahu",HI,21.4664372,-158.2100098
2016.09.05.b,"Kingston Plantation, Myrtle Beach, Horry County",SC,33.7713288,-78.7805948
2016.09.04,"New Smyrna Beach, Volusia County",FL,29.0258191,-80.9269984
2016.09.01,"Refugio State Beach, Santa Barbara County",CA,34.4631659,-120.0701354
2016.08.29.b,"New Smyrna Beach, Volusia County",FL,29.0258191,-80.9269984
2016.08.29.a,"New Smyrna Beach, Volusia County",FL,29.0258191,-80.9269984
2016.08.25,"Ponte Vedra, St. Johns County",FL,30.2400058,-81.3852595
2016.08.06,Maui,HI,20.7983626,-156.3319253
2016.08.04,"New Smyrna Beach, Volusia County",FL,29.0258191,-80.9269984
2016.07.27,"Florida Keys, Monroe County",FL,25.0979464,-80.4369215
2016.07.17,8 miles off Mobile,AL,25.0979464,-80.4369215
2016.07.16.b,"New Smyrna Beach, Volusia County",FL,29.0258191,-80.9269984
2016.07.16.a,"New Smyrna Beach, Volusia County",FL,29.0258191,-80.9269984
2016.07.15.b,"Surfside, Orange County",CA,33.7271486,-118.0819073
2016.07.15.a,"North Myrtle Beach, Horry County",SC,33.8160058,-78.680016
2016.07.08,"Capitola, Santa Cruz County",CA,36.9752283,-121.953293
2016.07.07.b,"Off Gloucester, Essec County",MA,42.6159285,-70.6619888
2016.07.07.a,"Off Palos Verdes peninsula, Los Angeles County",CA,33.7683844,-118.3492165
2016.07.06,"Melbourne Beach, Brevard County",FL,28.0683496,-80.56033029999999
2016.06.27,Sullivan's Island,SC,32.7632323,-79.8367511
2016.06.25,"Atlantic Beach, Emerald Isle, Carteret County",NC,34.6779399,-76.95077619999999
2016.06.21.b,"North Myrtle Beach, Horry County",SC,33.8160058,-78.680016
2016.06.21.a,"Pelican Beach Park, Satellite Beach, Brevard County",FL,28.1673007,-80.58775969999999
2016.06.15.b,"Kalapaki Beach, Kauai",HI,21.9605229,-159.3501759
2016.06.14,"Pirates Beach, Galveston",TX,29.2044545,-94.9364053
2016.06.11,"Atlantic Beach, Emerald Isle, Carteret County",NC,34.6779399,-76.95077619999999
2016.06.07,"Folly Beach, Charleston County",SC,32.6551798,-79.94036729999999
2016.06.05.b,"Flagler Beach, Flagler County",FL,29.4749754,-81.1270035
2016.05.29.b,"Corona Del Mar, Newport, Orange County",CA,33.5978595,-117.8730142
2016.05.29.a,"Neptune, Duval County",FL,30.3500511,-81.6035062
2016.05.22,"Vero Beach, Indian River County",FL,27.6386434,-80.39727359999999
2016.05.21.b,"St. Petersburg, Pinellas County",FL,27.7676008,-82.64029149999999
2016.05.21.a,"Hugenot Beach , Jacksonville, Duval County",FL,30.2731279,-81.3877396
2016.05.18,"Ponte Vedra, St. Johns County",FL,30.2400058,-81.3852595
2016.05.15,"Boca Raton, Palm Beach County",FL,26.3683064,-80.1289321
2016.05.03,"Wailea Beach, Maui",HI,20.682848,-156.4429602
2016.04.23,"New Smyrna Beach, Volusia County",FL,29.0258191,-80.9269984
2016.04.13,"Off Singer Island, Palm Beach County",FL,26.7850625,-80.03754080000002
2016.04.07.b,"Florida Keys, Monroe County",FL,25.0979464,-80.4369215
2016.04.07.a,"Corners Beach, Jupiter, Palm Beach County",FL,26.9346198,-80.0923598
2016.03.31,"Olowalu, Maui",HI,20.811411,-156.6225893
2016.03.28.b,"Fort Myers Beach, Lee County",FL,26.4520248,-81.948145
2016.03.13,"Bolsa Chica State Park, Orange County",CA,33.6955698,-118.0487973
2016.03.11,"Vero Beach, St. Lucie County",FL,27.6386434,-80.39727359999999
2016.03.04,"Ocean Reef Park, Singer Island, Palm Beach County",FL,26.7937155,-80.032878
2016.01.28,"Hanalei Bay, Kauai",HI,22.2090776,-159.5067583
2016.01.25,"Hanalei Bay, Kauai, ",HI,22.2090776,-159.5067583
2016.01.24.b,Off Surfside,TX,25.8784284,-80.12560069999999
2016.01.23,"Wailea Beach, Maui",HI,20.682848,-156.4429602
2015.12.22,La'aloa Beach Park,HI,19.5937185,-155.9712015
2015.11.16,"Playalinda Beach, Brevard County",FL,28.6555177,-80.6318287
2015.11.15.b,"Palm Beach, Palm Beach County",FL,26.6514503,-80.2767327
2015.11.15.a,"Ocean Reef Park, Singer Island, Palm Beach County",FL,26.7937155,-80.032878
2015.12.23,"Paradise Beach, Melbourne, Brevard County",FL,28.1230177,-80.5753656
2015.11.03,"Kehena Beach, Hawaii",HI,19.3946577,-154.9290878
2015.11.01.b,"Cocoa Beach, Brevard  County",FL,28.3200067,-80.6075513
2015.10.28.a,"Malaka, Oahu",HI,21.4389123,-158.0000565
2015.10.21,"Playalinda Beach, Brevard County",FL,28.6555177,-80.6318287
2015.10.19,"Deerfield Beach, Broward County",FL,26.3184123,-80.09976569999999
2015.10.17.b,"Waikiki, ",HI,21.2793462,-157.8291847
2015.10.17.a,"Lanikai Beach, Kailua, Oahu",HI,21.3925378,-157.7151208
2015.10.13,"Off Leffingwell Landing, San Luis Obispo County",CA,35.5838504,-121.1214197
2015.10.09.b,"Shipyard Beach Club, Hilton Head Island, Beaufort County",SC,32.1537409,-80.7301358
2015.10.09.a,"Leftovers, Oahu",HI,21.4389123,-158.0000565
2015.10.05.b,"Pepper Park Beach, St. Lucie County",FL,27.4957492,-80.30101719999999
2015.10.05.a,Galveston,TX,29.3013479,-94.7976958
2015.10.04,"New Smyrna Beach, Volusia County",FL,29.0258191,-80.9269984
2015.09.29,"Vilano Beach, St.  Johns County",FL,29.9385794,-81.3020173
2015.09.24,"Horseshoe Rock, Santa Barbara County",CA,34.4208305,-119.6981901
2015.09.20.d,"New Smyrna Beach, Volusia County",FL,29.0258191,-80.9269984
2015.09.20.c,"Upolu Point, North Kohala, Big Island",HI,20.2689664,-155.8545221
2015.09.20.b,"Fernandina Beach, Amelia Island, Nassau County",FL,30.6696818,-81.46259189999999
2015.09.20.a,"Vilano Beach, St.  Johns County",FL,29.9385794,-81.3020173
2015.09.19,"Gaviota State Beach, Santa Barbara County",CA,34.4733557,-120.229478
2015.09.18,"Big Talbot Island, Duval County",FL,30.48115809999999,-81.4430057
2015.09.17,"Jacksonville Beach, Duval County",FL,30.2841224,-81.3961338
2015.09.06,"El Pescador Beach, Los Angeles County",CA,34.0403608,-118.8921386
2015.09.05,"Deer Creek Beach, Ventura County",CA,34.0626091,-118.9866325
2015.09.03,"Myrtle Beach, Horry County",SC,33.6890603,-78.8866943
2015.08.29.b,"Morro Strand State Beach, San Luis Obispo County",CA,35.3918466,-120.8664024
2015.08.29.a,"Morro Bay, San Luis Obispo County",CA,35.3659445,-120.8499924
2015.08.22.b,"Cocoa Beach, Brevard  County",FL,28.3200067,-80.6075513
2015.08.20,"Murrells Inlet, Georgetown County",SC,33.5510021,-79.0414261
2015.08.19,"Jacksonville Beach, Duval County",FL,30.2841224,-81.3961338
2015.08.18.b,Santa Barbara County,CA,34.4208305,-119.6981901
2015.08.10,Cortes Bank,CA,32.4666667,-119.1666667
2015.07.26.b,"Daytona Beach, Volusia County",FL,29.2108147,-81.0228331
2015.07.26.a,"Edisto Beach, Colleton County",SC,32.4793551,-80.33482289999999
2015.07.23.b,"La Jolla, San Diego County",CA,32.8328112,-117.2712717
2015.07-10,"Huntington Beach, Orange County",CA,33.6594835,-117.9988026
2015.07.08,"Huntington Beach, Orange County",CA,33.6594835,-117.9988026
2015.07.04.a,"Off Surf City, Pender County",NC,34.4271121,-77.5460805
2015.07.01,"Ocracoke, Lifeguard Beach, National Park Service, Hyde County",NC,35.1082841,-75.95394859999999
2015.06.30.a,"Isle of Palms County Park, Isle of Palms, Charleston County",SC,32.786886,-79.785866
2015.06.27.b,"Rodanthe, Dare County",NC,35.600383,-75.4655882
2015.06.26.c,"Jacksonville Beach, Duval County",FL,30.2841224,-81.3961338
2015.06.26.a,"South Beach, Hunting Island State Park, Beaufort County",SC,32.3585481,-80.4521216
2015.06.25,"Avon, Hatteras Island, Outer Banks, Dare County",NC,35.5584932,-75.4665158
2015.06.24.b,Surf City,NC,34.4271121,-77.5460805
2015.06.23,"St. Helena Island, Beaufort County",SC,32.3805215,-80.5616773
2015.06.17,Daytona Beach Shores,FL,29.1760933,-80.9828323
2015.06.14.b,"Oak Island, Brunswick County",NC,33.9203824,-78.16081969999999
2015.06.14.a,"Oak Island, Brunswick County",NC,33.9203824,-78.16081969999999
2015.06.13,Off San Diego,CA,32.715738,-117.1610838
2015.06.11,"Ocean Isle, Brunswick County",NC,33.8877282,-78.4364471
2015.06.07,"Lori Wilson Park, Cocoa Beach, Brevard  County",FL,28.3371416,-80.60948499999999
2015.06.05,Fort Lauderdale,FL,26.1224386,-80.13731740000001
2015.05.29.b,"Cocoa Beach, Brevard  County",FL,28.3200067,-80.6075513
2015.05.29.a,"New Smyrna Beach, Volusia County",FL,29.0258191,-80.9269984
2015.05.24,"Cocoa Beach, Brevard  County",FL,28.3200067,-80.6075513
2015.05.20,"New Smyrna Beach, Volusia County",FL,29.0258191,-80.9269984
2015.05.15,Sullivan's Island,SC,32.7632323,-79.8367511
2015.05.07,"Cocoa Beach, Brevard  County",FL,28.3200067,-80.6075513
2015.04.29,Kanahena Cove ,HI,20.618084,-156.437518
2015.04.26,"Resident's Beach, Marco Island",FL,25.9354415,-81.7331861
2015.04.13,"Florida Keys, Monroe County",FL,25.0979464,-80.4369215
2015.04.03,"3 miles off Jupiter, Palm Beach County",FL,26.9312323,-80.0970862
2015.03.18,Hapuna Beach,HI,19.9913889,-155.825
2015.01.27,Lahaina,HI,20.882371,-156.6816195
2015.01.19.b,Off Panama City,FL,8.9823792,-79.51986959999999
2015.01.01,"Windsor Beach, Indian River County",FL,27.7883605,-80.4142177
2014.12.28.b,"MontaÃ±a de Oro State Park, San Luis Obispo County ",CA,35.2553482,-120.8418223
2014.11.17,"Franklin Point, San Mateo County",CA,37.1496689,-122.3605292
2014.11.16,"Indian Harbor Beach, Brevard County",FL,28.1489021,-80.5883855
2014.11.13,"Airplane Beach, Lahina, West Maui",HI,20.882371,-156.6816195
2014.11.08,"Fort Pierce Inlet State Park, St. Lucie County",FL,27.4820331,-80.3016686
2014.10.31,"North Kohala, Hawaii County",HI,19.5429151,-155.6658568
2014.10.22,"Kihei, Maui",HI,20.7399409,-156.4541873
2014.10.20,"Kahului, Maui",HI,20.8893016,-156.4728725
2014.10.19,"Leadbetter Beach, Santa Barbara County",CA,34.4024436,-119.6993154
2014.10.18,"Maalaea, South Maui",HI,20.7932283,-156.5111246
2014.10.14,"Hilton Head Island, Beaufort County",SC,32.216316,-80.752608
2014.10.12,"Melbourne Beach, Brevard County",FL,28.0683496,-80.56033029999999
2014.10.05.b,"New Smyrna Beach, Volusia County",FL,29.0258191,-80.9269984
2014.10.07,"Cherie Down Park, Brevard County",FL,28.3918352,-80.5969563
2014.10.05.a,"New Smyrna Beach, Volusia County",FL,29.0258191,-80.9269984
2014.10.03.b,Santa Barbara County,CA,34.4208305,-119.6981901
2014.10.03.a,Santa Barbara County,CA,34.4208305,-119.6981901
2014.10.02.b,"Walls Beach, Vandenberg AFB, Santa Barbara County",CA,34.7069443,-120.6007178
2014.09.21,"New Smyrna Beach, Volusia County",FL,29.0258191,-80.9269984
2014.09.13,"Manresa State Beach, Santa Cruz County",CA,36.9321893,-121.8630067
2014.09.06,"Katrina Cut, Dauphin Island, Mobile County",AL,30.2542565,-88.1124155
2014.09.03,"Manomet Point, Plymouth, Plymouth County",MA,41.9221287,-70.5488323
2014.09.02,"Fletcher Beach, Hutchinson Island, Martin County",FL,27.2054948,-80.1694057
2014.08.31,"New Smyrna Beach, Volusia County",FL,29.0258191,-80.9269984
2014.08.29.b,"Ponce Inlet, Volusia County",FL,29.0963729,-80.9369983
2014.08.29.a,"Atlantic Beach, Duval County",FL,30.3344077,-81.398696
2014.08.28,Assateague National Seashore,MD,38.2495591,-75.1561322
2014.08.27.b,"Figure Eight Island,  New Hanover County",NC,34.2693745,-77.7444928
2014.08.27.a,"Surfside Beach, Horry  County",SC,33.6060031,-78.97308869999999
2014.08.25,Apalachicola Bay ,FL,29.6718143,-85.0025539
2014.08.24,"Off Masonboro Island, New Hanover County",NC,34.1329044,-77.8510213
2014.08.12,"3 to 4 miles west of Indian Pass, Gulf County",FL,29.677653,-85.22765
2014.08.10,"Hallandale Beach, Broward County",FL,25.9812024,-80.14837899999999
2014.08.09,"Lori Wilson Park, Cocoa Beach, Brevard  County",FL,28.3371416,-80.60948499999999
2014.08.08,"Lake Ponchartain off Southshore Harbor, New Orleans",LA,30.03805909999999,-90.0155759
2014.08.06,"Folly Beach, Charleston County",SC,32.6551798,-79.94036729999999
2014.08.05,"Cocoa Beach, Brevard  County",FL,28.3200067,-80.6075513
2014.08.02,"South of Cocoa Beach, Brevard County",FL,28.2813972,-80.6064403
2014.07.27,"Sunset Beach, Brunswick County",NC,33.8820632,-78.5183816
2014.07.21,"Indialantic, Brevard County",FL,28.0894599,-80.5656079
2014.07.16,"Paia Bay, Maui",HI,20.9173855,-156.3836273
2014.07.14,Okaloosa Island,FL,30.3980135,-86.5977355
2014.07.12,"Masonboro Island, New Hanover County",NC,34.1329044,-77.8510213
2014.07.09,"New Smyrna Beach, Volusia County",FL,29.0258191,-80.9269984
2014.07.05.b,"Manhattan Beach, Los Angeles County",CA,33.8847361,-118.4109089
2014.07.05.a,"Oceano Dunes State Beach, San Luis Obispo County",CA,35.105511,-120.6308667
2014.07.03,"Isle of Palms, Charleston County",SC,32.8194131,-79.7343791
2014.06.09.b,"Cape Henlopen State Park, Sussex County",DE,38.7821424,-75.10325329999999
2014.06.07,"West Beach, Galveston",TX,29.2000762,-94.9418083
2014.06.01.c,Fort Lauderdale,FL,26.1224386,-80.13731740000001
2014.05.15,"Juan Ponce de LeÃ³n Landing, Melbourne Beach, Brevard County",FL,28.0683496,-80.56033029999999
2014.05.13,"Jacksonville Beach, Duval County",FL,30.2841224,-81.3961338
2014.05.11,"Tybee Island, Chatham County",GA,32.0002152,-80.845666
2014.05.10.R,"Bethel Shoals, Indian River County",FL,27.6947732,-80.54384499999999
2014.05.06,"Coligny Beach, Hilton Head, Beaufort County",SC,32.14156200000001,-80.7510617
2014.05.01,"New Smyrna Beach, Volusia County",FL,29.0258191,-80.9269984
2014.04.22,"Cocoa Beach, Brevard  County",FL,28.3200067,-80.6075513
2014.04.15,"New Smyrna Beach, Volusia County",FL,29.0258191,-80.9269984
2014.04.04.b,"New Smyrna Beach, Volusia County",FL,29.0258191,-80.9269984
2014.04.04.a,"New Smyrna Beach, Volusia County",FL,29.0258191,-80.9269984
2014.03.22.a,Delray Beach,FL,26.4614625,-80.0728201
2014.03.21,Macarthur State Park,FL,26.8223567,-80.0431002
2014.03.02,"Santa Lucea Beach, South Hutchinson Island, St. Lucie County",FL,27.2073806,-80.1710775
2013.12.11,"Ninole Bay, Hawaii County",HI,19.9382406,-155.1686078
2013.12.10,"Cocoa Beach, Brevard  County",FL,28.3200067,-80.6075513
2013.12.02,"Between  Makena & Molokini, Maui",HI,28.3200067,-80.6075513
2013.11.29,"Keawekapu Beach, Kihei, Maui",HI,20.7039159,-156.4463238
2013.11.22,"Gleneden Beach, Lincoln County",OR,44.8814151,-124.034593
2013.11.07.b,"Bay Head, Ocean County",NJ,40.0717828,-74.0543036
2013.11.07.a,"Floridana Beach, Brevard County",FL,27.9456312,-80.497996
2013.10.31,"Kanaha Beach, Maui",HI,20.8996987,-156.4405938
2013.10.23,"Waiehu, Maui",HI,20.9175847,-156.497786
2013.10.20,"Pila'a Beach, Kaua'i",HI,22.2147222,-159.3658333
2013.10.19,Miami Beach,FL,25.790654,-80.1300455
2013.10.05,"Bunkers, Humboldt Bay, Eureka, Humboldt County",CA,40.7195153,-124.242601
2013.09.29.b,"Melbourne Beach, Brevard County",FL,28.0683496,-80.56033029999999
2013.09.25,"Panama City, Bay County",FL,30.1588129,-85.6602058
2013.09.21.b,"Ormond Beach, Volusia County",FL,29.2858129,-81.0558894
2013.09.21.a,"Carlin Park, Jupiter, Palm Beach County",FL,26.9291055,-80.0691932
2013.09.14,"Casino Beach, Pensacola, Escambia County",FL,30.332493,-87.14237899999999
2013.09.12,"New Smyrna Beach,  Volusia County",FL,29.0258191,-80.9269984
2013.09.08,"St. Helena Island, Beaufort County",SC,32.3805215,-80.5616773
2013.09.07.b,"New Smyrna Beach,  Volusia County",FL,29.0258191,-80.9269984
2013.09.07.a,"New Smyrna Beach,  Volusia County",FL,29.0258191,-80.9269984
2013.09.02,"Ormond Beach, Volusia County",FL,29.2858129,-81.0558894
2013.09.01.c,Key West Aquarium,FL,24.55907,-81.807332
2013.09.01.a,"St Augustine Beach, St Johns County",FL,29.8439828,-81.2711546
2013.08.31.a,"Butterfly Beach, Montecito, Santa Barbara County",CA,34.4176221,-119.6491956
2013.08.29,Catalina Channel,CA,33.3878856,-118.4163103
2013.08.25.b,"Winterhaven Park,           Ponce Inlet, Volusia County",FL,29.1047098,-80.9415953
2013.08.18,Pohoiki ,HI,19.4608333,-154.8469444
2013.08.17,"Pillar Point, Half-Moon Bay, San Mateo County",CA,37.5030312,-122.4822904
2013.08.14,"Makenat, Maui",HI,20.6544444,-156.4425
2013.08.13,"Ka'a Point, Maui",HI,20.8985743,-156.4473714
2013.08.11,Folly Beach,SC,32.6551798,-79.94036729999999
2013.08.05,"Sanibel Island, Lee County",FL,26.4433972,-82.1115119
2013.07.31,"Ulua Beach, Maui",HI,20.6903433,-156.4436167
2013.07.30,"Isle of Palms, Charleston County",SC,32.8194131,-79.7343791
2013.07.29.a,"White Plains Beach, Oahu",HI,21.3035275,-158.0452282
2013.07.19,"Gulf Shores, Baldwin County",AL,30.2460361,-87.70081929999999
2013.07.17.R,"Butler Beach, St Augustine,       St. Johns County",FL,29.7983039,-81.2670131
2013.07.11,Holden Beach. Brunswick County,NC,33.9139209,-78.26938849999999
2013.06.25.c,"Pacific State , San Mateo County",CA,37.4337342,-122.4014193
2013.06.25.b,"Jacksonville, Duval County",FL,30.3321838,-81.65565099999999
2013.06.25.a,"Kiawah Island, Charleston County",SC,32.6082373,-80.0848166
2013.06.18,Kona Coast State Park,HI,19.7814453,-156.0416545
2013.06.17,"Surfside Beach, Brazoria County",TX,28.9516604,-95.2875474
2013.06.15,"Atlantic Beach, Duval County",FL,30.3344077,-81.398696
2013.06.14.R,"Myrtle Beach, Horry County",SC,33.6890603,-78.8866943
2013.06.06.b,"Off Snipe Point, Florida Keys, Monroe County",FL,24.6981975,-81.6739784
2013.05.27.b,"Halewia, Oahu",HI,21.5927614,-158.1034112
2013.05.27.a,"Ormond Beach, Volusia County",FL,29.2858129,-81.0558894
2013.05.08.b,"Tourmaline Surf Park, San Diego County",CA,32.8051352,-117.2622363
2013.05.04.a,"Melbourne Beach, Brevard County",FL,28.0683496,-80.56033029999999
2013.04.17,"Near Boynton Beach, Palm Beach County",FL,26.5317866,-80.0905465
2013.04.13.b,"New Smyrna Beach, Volusia County",FL,29.0258191,-80.9269984
2013.04.04,"Jensen Beach, Martin County ",FL,27.2544906,-80.22976969999999
2013.04.02.a,Kaâ€™anapali Shores,HI,20.9358982,-156.6900541
2013.02.21.b,"Ka'anapali, Honokowai, Maui",HI,20.9358982,-156.6900541
2013.02.21.a,"Paia Bay, Maui",HI,20.9173855,-156.3836273
2013.02.10,"""Stuart Rocks"", Martin County",FL,27.197548,-80.2528257
2013.01.16,Kiholo Bay,HI,19.8563675,-155.9217446
2012.12.31,"Jensen Beach, Martin County ",FL,27.2544906,-80.22976969999999
2012.12.05,Kauai,HI,22.0964396,-159.5261238
2012.11.30,"Kihei, Maui",HI,20.7399409,-156.4541873
2012.11.19,"Melbourne Beach, Brevard County",FL,28.0683496,-80.56033029999999
2012.11.04.b,"Makena Landing, Maui",HI,20.653797,-156.4410126
2012.11.04.a,"Davidson's Surf Break, Kekaha, Kaua'i",HI,21.9692675,-159.7163591
2012.10.30,"Humboldt Bay, Eureka, Humboldt County",CA,40.7195153,-124.242601
2012.10.27,"Makena Landing, Maui",HI,20.653797,-156.4410126
2012.10.23,"Surf Beach, Lompoc, Santa Barbara County",CA,34.6391501,-120.4579409
2012.10.19,"Seaport, Brevard County",FL,28.4181022,-80.6150176
2012.10.18.b,"Ponce Inlet, Volusia County",FL,29.0963729,-80.9369983
2012.10.18.a,"Kanaha Beach, Maui",HI,20.8996987,-156.4405938
2012.10.16,Hobe Sound,FL,27.059498,-80.1364323
2012.10.07,"Davenport Landing, Santa Cruz County",CA,37.0260309,-122.2159035
2012.09.25,"Melbourne Beach, Brevard County",FL,28.0683496,-80.56033029999999
2012.09.24,"Spanish House Beach, Brevard County",FL,28.263933,-80.7214417
2012.09.16," Cocoa Beach, Brevard  County",FL,28.3200067,-80.6075513
2012.09.09,"New Smyrna Beach, Volusia County",FL,29.0258191,-80.9269984
2012.09.08.b,"Lori Wilson Park, Cocoa Beach, Brevard  County",FL,28.3371416,-80.60948499999999
2012.09.08.a,"South Beach, Miami-Dade County",FL,25.7826123,-80.1340772
2012.09.06.b,"Neptune Beach, Duval County",FL,30.311908,-81.39647339999999
2012.09.06.a,"St. Augustine Beach, St. John's County",FL,29.8439828,-81.2711546
2012.09.04,"Melbourne Beach, Brevard County",FL,28.0683496,-80.56033029999999
2012.09.02.b,"New Smyrna Beach, Volusia County",FL,29.0258191,-80.9269984
2012.09.02.a,"New Smyrna Beach, Volusia County",FL,29.0258191,-80.9269984
2012.08.15,"Gulf Shores, Baldwin County",AL,30.2460361,-87.70081929999999
2012.08.09,Key Largo,FL,25.1877642,-80.360297
2012.07.31.b,"Topanga Beach, Los Angeles County",CA,34.0919452,-118.6021321
2012.07.30.b,"Mahaâ€˜ulepu Beach, Kauai",HI,21.8924999,-159.4169444
2012.07.30.a,"Ballston Beach, Truro, Cape Cod",MA,42.00065910000001,-70.020301
2012.07.24,"Ocean Isle, Brunswick County",NC,33.8877282,-78.4364471
2012.07.08,"North Topsail Beach, Onslow County",NC,34.4901665,-77.43163
2012.07.07.a,"Pleasure Point, Santa Cruz County",CA,36.9635135,-121.9648975
2012.06.26.c,"Juno Beach, Palm Beach County",FL,26.8797819,-80.0533743
2012.06.26.b,"New Smyrna Beach, Volusia County",FL,29.0258191,-80.9269984
2012.06.26.a,"Kahana Beach, Maui",HI,20.9766667,-156.6825
2012.06.22.a,"Bathtub Reef  Beach, Stuart, Martin County",FL,27.186242,-80.16036
2012.06.19,"Myrtle Beach, Horry County",SC,33.6890603,-78.8866943
2012.06.18,"Ocean Isle, Brunswick County",NC,33.8877282,-78.4364471
2012.06.15,"Summerland Key, Monroe County",FL,24.6613356,-81.4448502
2012.06.14.d,"Myrtle Beach, Horry County",SC,33.6890603,-78.8866943
2012.06.14.c,"Myrtle Beach, Horry County",SC,33.6890603,-78.8866943
2012.06.14.b,"Myrtle Beach, Horry County",SC,33.6890603,-78.8866943
2012.06.14.a,"Myrtle Beach, Horry County",SC,33.6890603,-78.8866943
2012.06.02.b,"Bethune Beach, Volusia County",FL,28.941441,-80.844768
2012.06.02.a,"Myrtle Beach, Horry County",SC,33.6890603,-78.8866943
2012.05.31,"Avon, Hatteras Island, Outer Banks, Dare County",NC,35.5584932,-75.4665158
2012.05.23,"Jacksonville, Duval County",FL,30.3321838,-81.65565099999999
2012.05.20,"Iroquiois Point, Oahu",HI,21.3253188,-157.9856009
2012.05.12,"Leffingwell Landing, Cambria,  San Luis Obispo County",CA,35.5838504,-121.1214197
2012.05.09,"Vero Beach, Indian River County",FL,27.6386434,-80.39727359999999
2012.05.06,Off Catalina Island,CA,33.3878856,-118.4163103
2012.04.19.b,"Indialantic, Brevard County",FL,28.0894599,-80.5656079
2012.04.03,"Leftovers near Chun's Reef, Oahu",HI,21.6269444,-158.0838889
2012.04.00,"Sanibel Island, Lee County",FL,26.4433972,-82.1115119
2012.03.24,"New Smyrna Beach, Volusia County",FL,29.0258191,-80.9269984
2012.03.15,"Jensen Beach, Martin County ",FL,27.2544906,-80.22976969999999
2012.03.14.b,"New Smyrna Beach, Volusia County",FL,29.0258191,-80.9269984
2012.03.14.a,"New Smyrna Beach, Volusia County",FL,29.0258191,-80.9269984
2012.03.04,"Playalinda Beach, Brevard County",FL,28.6555177,-80.6318287
2012.02.26,"Palm Beach Inlet, Palm Beach County",FL,26.772285,-80.037263
2012.01.27,Lanai,HI,20.8165975,-156.9273193
2012.01.13,"Lincoln City, Lincoln County",OR,44.9620902,-124.0159354
2011.12.31,"Jupiter, Palm Beach County",FL,26.9342246,-80.0942087
2011.12.23,New Smyrna Beach,FL,29.0258191,-80.9269984
2011.12.21.b,"Makahuena Point, Kauai",HI,21.8717452,-159.4463529
2011.12.06,Seaside Cove,OR,45.9757488,-123.9393253
2011.11.22,Pigeon Point,CA,37.1864492,-122.3832545
2011.10.29.,"Marina State Beach, Monterey County",CA,36.6963431,-121.8090743
2011.10.20,"Newport, Lincoln County",OR,44.6367836,-124.0534505
2011.10.11,Cape Canaveral,FL,28.4740089,-80.5771737
2011.10.10,Seaside,OR,30.3216504,-86.1429286
2011.10.02,"Santa Maria Island, Manatee County",FL,27.5041264,-82.7144811
2011.10.01,"Gulf Shores, Baldwin County",AL,30.2460361,-87.70081929999999
2011.09.30,Hatillo Beach,nan,18.4863331,-66.82545449999999
2011.09.24.b,"Santa Maria Island, Manatee County",FL,27.5041264,-82.7144811
2011.09.24.a,"North Myrtle Beach, Horry County",SC,33.8160058,-78.680016
2011.09.20,Kauai,HI,22.0964396,-159.5261238
2011.09.16,New Smyrna Beach,FL,29.0258191,-80.9269984
2011.09.11.b,"Samoa Beach, Humboldt County",CA,40.80628129999999,-124.1991726
2011.09.04.b,"Nimitz State Beach, Oahu",HI,21.3351996,-157.9028349
2011.09.02,"New Smyrna Beach, Volusia County",FL,29.0258191,-80.9269984
2011.08.31,Crescent Beach St. Johns County,FL,29.76886,-81.2536786
2011.08.28.a,"Grass Island, Aransas County",TX,28.0761262,-96.9638624
2011.08.24.b,"Buxton Beach, Dare County",NC,35.2688839,-75.5394136
2011.08.24.a,Holden Beach. Brunswick County,NC,33.9139209,-78.26938849999999
2011.08.17.c.,"Kure Beach, New Hanover County",NC,33.9968399,-77.90720809999999
2011.08.17.b.,"Wrightsville Beach, New Hanover County",NC,34.2085036,-77.7963709
2011.08.16.b, Vieques,nan,18.1262854,-65.44009849999999
2011.08.15,"Myrtle Beach, Horry County",SC,33.6890603,-78.8866943
2011.08.11,Beaufort Inlet,NC,34.6937732,-76.6663185
2011.07.25,"Egg Harbor, Atlantic County",NJ,39.3822537,-74.6166192
2011.07.19,"Ocracoke Island, Hyde County",NC,35.1146152,-75.9810097
2011.07.13.b,"South Padre Island, Cameron County",TX,26.1118401,-97.16812569999999
2011.07.07.b,"Sunday Beach, Matagorda Island, Calhoun  County",TX,28.1688928,-96.7386946
2011.07.07.a,"Mustang Island, Nueces County",TX,27.7103944,-97.1628647
2011.06.26,"North Topsail Beach, Onslow County",NC,34.4901665,-77.43163
2011.06.24,"San Onofre State Beach, San Diego County",CA,33.3728077,-117.5656012
2011.06.21,"Perdido Key, Escambia County",FL,30.3035037,-87.42731719999999
2011.06.12,"Off Jupiter Inlet, Palm Beach County",FL,26.9478705,-80.07444579999999
2011.06.06.b,"La Jolla, San Diego County",CA,32.8328112,-117.2712717
2011.06.06.a,"New Smyrna Beach, Volusia County",FL,29.0258191,-80.9269984
2011.05.30,"Follett's Island, Brazoria County",TX,29.0424663,-95.1696535
2011.05.25,"Lyman Beach, Kailua-Kona",HI,19.6419129,-155.9962255
2011.05.22,"Lyman Beach, Kailua-Kona",HI,19.6419129,-155.9962255
2011.05.13.b,"Ponte Vedra Beach, St Johns County",FL,30.2400058,-81.3852595
2011.05.13.a,"Ormond Beach, Volusia County",FL,29.2858129,-81.0558894
2011.05.10,Miami,FL,25.7616798,-80.1917902
2011.04.26,"Riviera Beach, Palm Beach County",FL,26.7753405,-80.0580969
2011.04.22,"New Smyrna Beach, Volusia County",FL,29.0258191,-80.9269984
2011.03.29.R,Matagorda Beach,TX,28.5973417,-95.97726779999999
2010.12.26," Kahului, Maui",HI,20.8893016,-156.4728725
2010.12.11,"Tavares Bay, Maui",HI,20.7983626,-156.3319253
2010.10.28,Florence,OR,43.7695604,11.2558136
2010.10.23.b,"Burnt Cove near Eastport, Washington County",ME,44.1625115,-68.6835516
2010.10.22,"Surf Beach, Vandenberg AFB, Santa Barbara County",CA,34.6844268,-120.6035029
2010.09.27,Winchester Bay,OR,43.6770608,-124.1748369
2010.09.24,Sandridge Beach,VA,-37.8401129,144.9163672
2010.09.07,"St. Augustine, St. John's County",FL,29.9012437,-81.31243409999999
2010.09.04,"New Smyrna Beach, Volusia County",FL,29.0258191,-80.9269984
2010.09.03.b,"New Smyrna Beach, Volusia County",FL,29.0258191,-80.9269984
2010.09.03.a,"New Smyrna Beach, Volusia County",FL,29.0258191,-80.9269984
2010.08.18,Crescent Beach St. Johns County,FL,29.76886,-81.2536786
2010.08.14,"Pigeon Point, San Mateo County",CA,37.1864492,-122.3832545
2010.08.07.b,"Figure Eight Island, Wilmington, New Hanover County",NC,34.2103894,-77.8868117
2010.08.05,"Bethune Beach, Volusia County",FL,28.941441,-80.844768
2010.08.02.b,"Near oil rig Hondo, 5 nm from Gaviota, Santa Barbara County",CA,34.4716558,-120.2148716
2010.08.02.a,"Micklers Landing, St. Johns County",FL,30.1615592,-81.35737440000001
2010.07.25,"Isle of Palms, Charleston County",SC,32.8194131,-79.7343791
2010.07.23,"Jacksonville Beach, Duval County",FL,30.2841224,-81.3961338
2010.07.19,Myrtle Beach,SC,33.6890603,-78.8866943
2010.07.17.b,"Wrightsville Beach, New Hanover County",NC,34.2085036,-77.7963709
2010.07.17.a,New Smyrna Beach,FL,29.0258191,-80.9269984
2010.07.16.a,Galveston,TX,29.3013479,-94.7976958
2010.07.11,"Lauderdale-by-the-Sea, Broward County",FL,26.192028,-80.0964326
2010.07.03,Off Long Island,NY,40.789142,-73.13496099999999
2010.07.02.b,"Pismo Beach, San Luis  Obispo County",CA,35.1427533,-120.6412827
2010.07.02.a,"Dog Patch, San Onofre",CA,33.3728077,-117.5656012
2010.06.27,"Eight Mile Beach, Galveston",TX,29.2377835,-94.8843399
2010.06.25.b,Fripp Island,SC,32.317001,-80.4966062
2010.06.25.a,"Topsail Island, Pender County",NC,34.3651685,-77.63052929999999
2010.06.10,Jacksonville,FL,30.3321838,-81.65565099999999
2010.06.00,"Ponte Vedra Beach, St Johns County",FL,30.2400058,-81.3852595
2010.05.30,Off Tarpon Springs,FL,28.1461248,-82.7567679
2010.05.01,New Smyrna Beach,FL,29.0258191,-80.9269984
2010.04.28,Hanalei Bay,FL,22.2090776,-159.5067583
2010.04.19,"Hanalei Bay, Kauai",HI,22.2090776,-159.5067583
2010.02.06.a,Riviera Beach,FL,26.7753405,-80.0580969
2010.02.03,"Stuart, Martin County",FL,27.197548,-80.2528257
2010.01.06,Elliot Key,FL,25.4396585,-80.2000596
2009.12.06,"Adventure Aquarium, Camden",NJ,39.9460868,-75.1311712
2009.11.25,"Huntington Beach, Orange County",CA,33.6594835,-117.9988026
2009.11.24,"Lori Wilson Park, Cocoa Beach, Brevard County",FL,28.3371416,-80.60948499999999
2009.11.16.b,"Loch Lomond, Marin County",CA,37.9736887,-122.4814827
2009.11.16.a,"Jupiter, Palm Beach County",FL,26.9342246,-80.0942087
2009.11.13,"Jupiter, Palm Beach County",FL,26.9342246,-80.0942087
2009.11.11,"New Smyrna Beach, Volusia County",FL,29.0258191,-80.9269984
2009.11.05,"Davenport, Santa Cruz County",CA,37.01352079999999,-122.1966597
2009.10.24,"San Onofre, San Diego County ",CA,33.3728077,-117.5656012
2009.10.19,"Kalama Park, Maui",HI,20.7314382,-156.4529327
2009.10.09,"San Onofre State Beach, San Diego County",CA,33.3728077,-117.5656012
2009.09.26,"Key Colony Beach, Monroe County",FL,24.7209744,-81.0186827
2009.09.12,"Corolla, Currituck County",NC,36.3802879,-75.8307777
2009.08.30,"Huntington Beach, Orange County",CA,33.6594835,-117.9988026
2009.08.25,"Terramar Beach, Carlsbad, San Diego County",CA,33.1280924,-117.3336884
2009.08.10,"Ponce, Volusia County",FL,29.0279842,-81.0754657
2009.08.06,Kawa'a ,HI,29.0279842,-81.0754657
2009.08.01,"Curlew Island, Breton Sound",LA,29.5007664,-89.2506046
2009.07.24.b,South Padre Island,TX,26.1118401,-97.16812569999999
2009.07.22.b,Holden Beach. Brunswick County,NC,33.9139209,-78.26938849999999
2009.07.22.a,"Intracoastal Waterway,      St. Petersburg",FL,59.9310584,30.3609097
2009.07.11.a,"San Onofre, San Diego County ",CA,33.3728077,-117.5656012
2009.07.05,"Daytona Beach, Volusia County",FL,29.2108147,-81.0228331
2009.07.04,"Biscayne National Park, Miami",FL,25.7616798,-80.1917902
2009.06.21,"Shell Beach, San Luis Obispo County",CA,35.1738337,-120.6997858
2009.06.16,"Melbourne Beach, Brevard County",FL,28.0683496,-80.56033029999999
2009.05.25,"Clearwater Beach, Pinellas County",FL,27.972065,-82.8285877
2009.05.17,"New Smyrna Beach, Volusia County",FL,29.0258191,-80.9269984
2009.05.16.b,"New Smyrna Beach, Volusia County",FL,29.0258191,-80.9269984
2009.05.16.a,"New Smyrna Beach, Volusia County",FL,29.0258191,-80.9269984
2009.04.28,"St. Augustine, St. John's County",FL,29.9012437,-81.31243409999999
2009.04.25.R,"San Onofre State Beach, San Diego County",CA,33.3728077,-117.5656012
2009.04.21,"New Smyrna Beach, Volusia County",FL,29.0258191,-80.9269984
2009.04.19,"Carlin Park, Jupiter Inlet",FL,26.9291055,-80.0691932
2009.04.17.,"Walton Rocks, St Lucie County",FL,27.3378902,-80.23343059999999
2009.04.11,Kona,HI,19.6419129,-155.9962255
2009.04.06.a,San Diego County,CA,32.7157305,-117.1610966
2009.04.03,"Sanibel Island, Lee County",FL,26.4433972,-82.1115119
2009.03.18.a,"Ponce Inlet, Volusia County",FL,29.0963729,-80.9369983
2009.03.17,Alenuihaha Channel,HI,20.6333333,-156.0416667
2009.02.08,Quebradillas,nan,18.473833,-66.938512
2008.12.20,"Dillon Beach, Marin County",CA,38.2507515,-122.9652768
2008.10.08,"Santa Rosa Beach, Walton County",FL,30.3960324,-86.2288322
2008.09.28.b,"New Smyrna Beach, Volusia County",FL,29.0258191,-80.9269984
2008.09.28.a,Bethune Beach,FL,28.9491539,-80.83783000000001
2008.09.14,"Ormond-by-the-Sea, Volusia County",FL,29.3491449,-81.0664455
2008.09.09,"Ka'a'awa, Oahu",HI,21.5542244,-157.8504689
2008.09.08,"Surf Beach, Lompoc, Santa Barbara County",CA,34.6391501,-120.4579409
2008.09.06.b,"Ponce Inlet, New Smyrna Beach, Volusia County",FL,29.0963729,-80.9369983
2008.09.06.a,"Ponce Inlet, New Smyrna Beach, Volusia County",FL,29.0963729,-80.9369983
2008.09.01,"New Smyrna Beach, Volusia County",FL,29.0258191,-80.9269984
2008.09.00,Hutchinson Island,FL,27.3545667,-80.2488596
2008.08.30.b,"McKenzie Beach Park in Pahoa, Hawai'i ",HI,19.4954397,-154.9494112
2008.08.28,"New Smyrna Beach, Volusia County",FL,29.0258191,-80.9269984
2008.08.27,"New Smyrna Beach, Volusia County",FL,29.0258191,-80.9269984
2008.08.24,"New Smyrna Beach, Volusia County",FL,29.0258191,-80.9269984
2008.08.22,"Surf City, Topsail Island, Pender County",NC,34.4271121,-77.5460805
2008.08.20,"Sanibel Island, Lee County",FL,26.4433972,-82.1115119
2008.08.18,"North Myrtle Beach, Horry County",SC,33.8160058,-78.680016
2008.08.16,Buck Island,nan,17.7870946,-64.62061059999999
2008.08.12,"New Smyrna Beach, Volusia County",FL,29.0258191,-80.9269984
2008.08.11,"Ala Moana Beach Park, Oah'u",HI,21.2899686,-157.847657
2008.07.26.a,"Honokowai, Maui",HI,20.9715181,-156.6771145
2008.07.25.b,"New Smyrna Beach, Volusia County",FL,29.0258191,-80.9269984
2008.07.25.a,"Lahilahi Point, Oahu",HI,21.4630556,-158.2177778
2008.07.24.b,"Surf City, Topsail Island, Pender County",NC,34.4271121,-77.5460805
2008.07.24.a,"Topsail Island, Pender County",NC,34.3651685,-77.63052929999999
2008.07.23,"New Smyrna Beach, Volusia County",FL,29.0258191,-80.9269984
2008.07.19,"New Smyrna Beach, Volusia County",FL,29.0258191,-80.9269984
2008.07.13,"Carolina Beach, New Hanover County",NC,34.0351726,-77.8935966
2008.07.11,"Isle of Palms, Charleston County",SC,32.8194131,-79.7343791
2008.07.09,"Emerald Isle, Carteret County",NC,34.6779399,-76.95077619999999
2008.07.05,"Litchfield Beach, Georgetown County",SC,33.4668348,-79.0997632
2008.06.28.c,"Kamilo Point, Hawai'i",HI,18.9777777,-155.5986111
2008.06.26.b,"New Smyrna Beach, Volusia County",FL,29.0258191,-80.9269984
2008.06.26.a,"Isle of Palms, Charleston County",SC,32.8194131,-79.7343791
2008.06.21,"West Cove, Catalina Island",CA,33.3878856,-118.4163103
2008.06.20,"Fernandina Beach, Nassau County",FL,30.6696818,-81.46259189999999
2008.06.07,"Cocoa Beach, Brevard  County",FL,28.3200067,-80.6075513
2008.06.01.b,Cherry Grove,SC,40.6597917,-73.0899622
2008.05.26,"Hammocks Beach State Park, Bear Island, Onslow County",NC,34.6318297,-77.1488396
2008.05.07.a,"New Smyrna Beach, Volusia County",FL,29.0258191,-80.9269984
2008.04.28.a,"New Smyrna Beach, Volusia County",FL,29.0258191,-80.9269984
2008.04.27,"New Smyrna Beach, Volusia County",FL,29.0258191,-80.9269984
2008.04.26.a,"New Smyrna Beach, Volusia County",FL,29.0258191,-80.9269984
2008.04.25,"Solana Beach, San Diego County",CA,32.991155,-117.2711481
2008.04.20.b,"New Smyrna Beach, Volusia County",FL,29.0258191,-80.9269984
2008.04.15,"Playalinda Beach, Canaveral National Seashore, Brevard County",FL,28.6555177,-80.6318287
2008.03.25,"Palm Beach Shores, Palm Beach County",FL,26.7781183,-80.0355962
2008.04.08.R,"1.4 miles south of Ponce de Leon Jetty, New Smyrna Beach, Volusia County",FL,29.0258191,-80.9269984
2008.04.03,"South of Ponce de Leon Jetty, New Smyrna Beach, Volusia County",FL,29.0258191,-80.9269984
2008.03.28.b,"New Smyrna Beach / Ponce Inlet, Volusia County",FL,29.0963729,-80.9369983
2008.03.28.a,"Near Cocoa Beach, Brevard  County",FL,28.3200067,-80.6075513
2008.03.23,"South of Ponce de Leon Jetty, New Smyrna Beach, Volusia County",FL,29.0258191,-80.9269984
2008.03.21,"Beachway Avenue Approach, New Smyrna Beach, Volusia County",FL,29.051143,-80.9046288
2008.03.15,"Lovers Key State Park, Bonita Springs, Lee County",FL,26.3938535,-81.8685977
2008.03.07," Huntington Beach, Orange County",CA,33.6594835,-117.9988026
2008.02.15,"Ponce Inlet, Volusia County",FL,29.0963729,-80.9369983
2008.02.06,"Opposite Patrick Air Force Base, Brevard County",FL,28.2394645,-80.60751719999999
2008.01.10,"Playalinda Beach, Canaveral National Seashore, Brevard County",FL,28.6555177,-80.6318287
2008.00.00.b,"Off Fort Pierce, St. Lucie County",FL,27.4467056,-80.3256056
2007.12.10,"Waialua Bay, O'ahu",HI,21.5944262,-158.1148221
2007.11.06,"New Smyrna Beach, Volusia County",FL,29.0258191,-80.9269984
2007.11.04,"Round Island Park, Indian River County",FL,27.5599486,-80.32757749999999
2007.10.29,"Wailea, Maui",HI,20.6871826,-156.4391668
2007.10.07,"Venice Pier, Venice, Los Angeles County",CA,33.9777877,-118.4690676
2007.10.06,"Playalinda Beach, Canaveral National Seashore, Brevard County",FL,28.6555177,-80.6318287
2007.09.30.c,"Santa Monica, Los Angeles County",CA,34.0194543,-118.4911912
2007.09.27.b,"Moonstone Beach, Humboldt County",CA,41.0301251,-124.11229
2007.09.22.b,Jupiter Inlet,FL,26.9478705,-80.07444579999999
2007.09.22.a,Huguenot Park,FL,30.4110088,-81.4204882
2007.09.20,"New Smyrna Beach, Volusia County",FL,29.0258191,-80.9269984
2007.09.16.b,"New Smyrna Beach, Volusia County",FL,29.0258191,-80.9269984
2007.09.16.a,"Flagler Beach, Flagler County",FL,29.4749754,-81.1270035
2007.09.13,"Lauderdale-by-the-Sea, Broward County",FL,26.192028,-80.0964326
2007.09.08,"Pepper Park Beach, St. Lucie County",FL,27.4957492,-80.30101719999999
2007.09.05,"Daytona Beach, Volusia County",FL,29.2108147,-81.0228331
2007.09.04,Sullivan's Island,SC,32.7632323,-79.8367511
2007.09.03.b,"Daytona Beach, Volusia County",FL,29.2108147,-81.0228331
2007.09.03.a,"Fort Lauderdale, Broward County",FL,26.1224386,-80.13731740000001
2007.08.28.b,"Ka'a'awa, Oahu",HI,21.5542244,-157.8504689
2007.08.28.a,"Marina State Beach, Monterey County",CA,36.6963431,-121.8090743
2007.08.26,"New Smyrna Beach, Volusia County",FL,29.0258191,-80.9269984
2007.08.25,"New Smyrna Beach, Volusia County",FL,29.0258191,-80.9269984
2007.08.22,North Carolina Aquarium at Fort Fisher,NC,33.9626558,-77.92611889999999
2007.08.20,"Indian River Inlet, Rehoboth Beach",DE,38.7209454,-75.07601369999999
2007.08.19.c,"Islamorada Founder's Park, Plantation Key, Monroe County",FL,24.9634826,-80.5684062
2007.08.19.b,"New Smyrna Beach, Volusia County",FL,29.0258191,-80.9269984
2007.08.19.a.,"Lakewood Campground, Grand Strand, Horry County",SC,33.7460055,-78.8136339
2007.08.15,Sarasota Bay,FL,27.3459665,-82.56727269999999
2007.08.12,"New Smyrna Beach, Volusia County",FL,29.0258191,-80.9269984
2007.08.11,"Ponce Inlet,  New Smyrna Beach, Volusia County",FL,29.0963729,-80.9369983
2007.08.09.b,"Isle of Palms, Charleston County",SC,32.8194131,-79.7343791
2007.08.09.a,"Isle of Palms, Charleston County",SC,32.8194131,-79.7343791
2007.08.07,"Islamorada, Monroe County",FL,24.9242943,-80.62783639999999
2007.07.29,"Ponce Inlet, Volusia County",FL,29.0963729,-80.9369983
2007.07.28,"Imperial Beach, San Diego County",CA,32.5839444,-117.1130849
2007.07.22,"Malibu, Los Angeles County",CA,34.0259216,-118.7797571
2007.07.21,"Bean Hollow State Beach, San Mateo County",CA,37.2273608,-122.4109773
2007.07.19.b,"Bellows Beach near Wailea Point, Oâ€™ahu",HI,20.6871826,-156.4391668
2007.07.18.b,"North Topsail Beach, Onslow  County",NC,34.4901665,-77.43163
2007.07.17.b,"Faria Beach, Ventura County",CA,34.3182823,-119.3870531
2007.07.17.a,"Atlantic Beach, Carteret County",NC,34.6990505,-76.7402108
2007.07.05,"Ponce Inlet, Volusia County",FL,29.0963729,-80.9369983
2007.06.30.b,Marques Island,FL,-9.781216200000001,-139.0817124
2007.06.30.a,"Will Rogers State Beach, Los Angeles County",CA,34.034319,-118.5352568
2007.06.25,"New Smyrna Beach, Volusia County",FL,29.0258191,-80.9269984
2007.06.24,"Silva's Channel, Mokuleia, O'ahu",HI,21.5801288,-158.1523435
2007.06.17,"Vilano Beach, St.  Johns County",FL,29.9385794,-81.3020173
2007.06.12,"Turtle Beach, Siesta Key, Sarasota County",FL,27.2178348,-82.51706159999999
2007.05.26,Garden City,SC,41.7623227,-71.45172459999999
2007.05.24,"Virginia Aquarium & Marine Science Center, Virginia Beach ",VA,36.8212055,-75.98358809999999
2007.05.10,"New Smyrna Beach, Volusia County",FL,29.0258191,-80.9269984
2007.05.07.b,"Keawakapu Beach, Maui",HI,20.7039159,-156.4463238
2007.05.07.a,Naples,FL,26.1420358,-81.7948103
2007.04.22,"Hutchinson Island, St. Lucie County",FL,27.3545667,-80.2488596
2007.04.20,"New Smyrna Beach, Volusia County",FL,29.0258191,-80.9269984
2007.04.13.R,"Florida Keys, Monroe County",FL,25.0979464,-80.4369215
2007.04.01,"New Smyrna Beach, Volusia County",FL,29.0258191,-80.9269984
2007.03.31.b,"Normandy Beach, Hutchinson Island,  St. Lucie County",FL,27.3100487,-80.2224991
2007.03.31.a,"Waveland Beach, Hutchinson Island, St. Lucie County",FL,27.275216,-80.2069125
2007.03.21,Jupiter Inlet,FL,26.9478705,-80.07444579999999
2007.03.14.R,Delray Beach,FL,26.4614625,-80.0728201
2007.03.11,"Tiger Shores Beach, Martin County",FL,27.2210598,-80.1790801
2007.01.25.a,100 miles off Ft. Myers Beach,FL,26.4520248,-81.948145
2007.01.07,"Smith Point, Long Island",NY,40.7361661,-72.8564304
2007.01.05,"Majors Bay, Kaua'i",HI,22.0097282,-159.7769751
2006.12.10,"Dillon Beach, Marin County",CA,38.2507515,-122.9652768
2006.11.11,"Kihei, Maui",HI,20.7399409,-156.4541873
2006.10.31,"Siletz River mouth, Lincoln County",OR,44.82685365548238,-123.8920347077738
2006.10.16,Sebastian Inlet,FL,27.860302,-80.4472737
2006.10.10,"Daytona Beach, Volusia County",FL,29.2108147,-81.0228331
2006.10.07,"Isla Blanca Park, South Padre Island",TX,26.0753323,-97.1628362
2006.10.05,"New Smyrna Beach, Volusia County",FL,29.0258191,-80.9269984
2006.09.29,"New Smyrna Beach, Volusia County",FL,29.0258191,-80.9269984
2006.09.18.R,"Off Key Largo, Monroe County",FL,25.0865151,-80.4472802
2006.09.16,Onslow Beach,NC,34.570442,-77.2685663
2006.09.14,"Singer Island, Riviera Beach",FL,26.7841537,-80.03602719999999
2006.09.11,"New Smyrna Beach, Volusia County",FL,29.0258191,-80.9269984
2006.09.03.a,"New Smyrna Beach, Volusia County",FL,29.0258191,-80.9269984
2006.09.02,"New Smyrna Beach, Volusia County",FL,29.0258191,-80.9269984
2006.08.29.b,"Florence, Lane County",OR,43.9826214,-124.0998409
2006.08.00.b,"Masonboro Island, New Hanover County",NC,34.1329044,-77.8510213
2006.07.31.R,"Newport Aquarium, Newport",KY,39.09466400000001,-84.4974482
2006.07.31.a,Oswald State Park,OR,45.769811,-123.9590931
2006.07.29.b,"Broad Beach, Malibu, Los Angeles County",CA,34.0309916,-118.8437292
2006.07.29.a,"Playalinda Beach, Canaveral National Seashore, Brevard County",FL,28.6555177,-80.6318287
2006.07.25,"New Smyrna Beach, Volusia County",FL,29.0258191,-80.9269984
2006.07.23,"Sargent Beach, Matagorda County",TX,28.7711167,-95.6182654
2006.07.17,"Singleton Beach, Hilton Head Island, Beaufort County",SC,32.1879522,-80.7011667
2006.07.12,"Kiawah Island, Charleston County",SC,32.6082373,-80.0848166
2006.07.09.b,"New Smyrna Beach, Volusia County",FL,29.0258191,-80.9269984
2006.07.09.a,"Ponte Vedra Beach, St Johns County",FL,30.2400058,-81.3852595
2006.07.08.b,"Debordieu Beach, Georgetown County",SC,33.3690565,-79.1517111
2006.07.08.a,"Playalinda Beach, Canaveral National Seashore, Brevard County",FL,28.6555177,-80.6318287
2006.06.30.b,"Florida Keys, Monroe County",FL,25.0979464,-80.4369215
2006.06.30.a,"Florida Keys, Monroe County",FL,25.0979464,-80.4369215
2006.06.27,"Hutchinson Island, St. Lucie County",FL,27.3545667,-80.2488596
2006.06.26,Fort Myers,FL,26.640628,-81.8723084
2006.06.20,"New Smyrna Beach, Volusia County",FL,29.0258191,-80.9269984
2006.06.17,"Monterey, Monterey County",CA,36.6002378,-121.8946761
2006.06.15,"New Smyrna Beach, Volusia County",FL,29.0258191,-80.9269984
2006.06.07,"Coligny Beach, Hilton Head, Beaufort County",SC,32.14156200000001,-80.7510617
2006.05.31,O'ahu,HI,21.4389123,-158.0000565
2006.05.28,French Frigate Shoals,HI,23.748889,-166.146111
2006.05.27,"North Shore, O'ahu",HI,21.5616575,-158.0715983
2006.05.24,Lanai,HI,20.8165975,-156.9273193
2006.05.19,Gun Beach,nan,13.5243048,144.8033577
2006.05.10,"Cocoa Beach, Brevard  County",FL,28.3200067,-80.6075513
2006.05.04,"Hutchinson Island, St. Lucie County",FL,27.3545667,-80.2488596
2006.04.23.R,"Alligator Reef off Islamorada, Monroe County",FL,24.8517617,-80.61886129999999
2006.04.21,"Sebastian Inlet, Brevard County",FL,28.263933,-80.7214417
2006.04.19,"Daytona Beach, Volusia County",FL,29.2108147,-81.0228331
2006.04.13,"Port of the Islands, Collier County",FL,25.9584158,-81.51106630000001
2006.04.03,"Marco Island, Collier County",FL,25.9397412,-81.70753549999999
2006.03.23,"Leftovers, near Waimea Bay, O'ahu",HI,21.6415052,-158.0671269
2006.02.27,"Makena, Maui",HI,20.6544444,-156.4425
2006.02.23,"Makena, Maui",HI,20.6544444,-156.4425
2006.02.01.a,"Off Pu'u Ola'l, Makena, Maui",HI,20.7127778,-156.2558333
2006.01.18,"Santa Cruz, Santa Cruz County",CA,36.9741171,-122.0307963
2006.01.04,"Round Island Park, Indian River County",FL,27.5599486,-80.32757749999999
2005.12.24,"Tillamook Head, Clatsop County",OR,45.94149640000001,-123.9568056
2005.12.21,"Keawakapu Beach, Maui",HI,20.7039159,-156.4463238
2005.11.29.R,"Cape San Blas, Gulf County",FL,29.6675478,-85.3524776
2005.11.27,"Ponce Inlet, New Smyrna Beach, Volusia County",FL,29.0963729,-80.9369983
2005.11.21,"Jensen Beach, Martin County ",FL,27.2544906,-80.22976969999999
2005.11.20,"New Smyrna  Beach, Volusia County",FL,29.0258191,-80.9269984
2005.11.12,"New Smyrna  Beach, Volusia County",FL,29.0258191,-80.9269984
2005.11.02.b,"Mavericks, Half Moon Bay, San Mateo County",CA,37.4955696,-122.496687
2005.11.02.a,"Ocean Beach, San Francisco, San Francisco County",CA,37.75939210000001,-122.510734
2005.10.29,"Ponce de Leon Inlet, Volusia County ",FL,29.0711350827738,-80.92284662559236
2005.10.21,"Klamath River mouth, Del Norte County",CA,41.7076287,-123.9659708
2005.10.19,"Salmon Beach, Sonoma County",CA,38.3592396,-123.0682435
2005.10.15,"Ponce Inlet, Volusia County",FL,29.0963729,-80.9369983
2005.10.13,"Honokowai, Maui",HI,20.9715181,-156.6771145
2005.10.06,"Ponce Inlet, Volusia County",FL,29.0963729,-80.9369983
2005.09.22,"Tigertail Beach, Collier County",FL,25.9490043,-81.7427834
2005.09.20,"Myrtle Beach, Horry County",SC,33.6890603,-78.8866943
2005.09.11,Folly Beach,SC,32.6551798,-79.94036729999999
2005.09.05,"North Topsail Beach, Onslow County",NC,34.4901665,-77.43163
2005.09.02.b,"Ponce Inlet, Volusia County",FL,29.0963729,-80.9369983
2005.08.24.a,"Scripps, LaJolla, San Diego County",CA,32.8328112,-117.2712717
2005.08.22,"6th Avenue North, Myrtle Beach, Horry County",SC,33.6908575,-78.8857802
2005.08.21,"34th Avenue North, Myrtle Beach, Horry County",SC,33.7128991,-78.8601282
2005.08.19,Crystal Beach (east of Galveston),TX,29.457177,-94.6396378
2005.08.12,"Carolina Beach off Texas Avenue, New Hanover County",NC,34.016343,-77.9029636
2005.08.06,"Isle of Palms, Charleston County",SC,32.8194131,-79.7343791
2005.07.27,"Off Zelda Boulevard, Daytona Beach, Volusia Countyy",FL,29.249284,-81.0230353
2005.07.23,"Ormond Beach, Volusia County",FL,29.2858129,-81.0558894
2005.07.22,"Quarter mile south of Ponce de Leon Inlet, Volusia County",FL,29.0711350827738,-80.92284662559236
2005.07.15,"Holden Beach, Brunswick County",NC,33.9139209,-78.26938849999999
2005.07.13,"Port Bolivar, Galveston County",TX,29.3807901,-94.7643623
2005.07.01,"Boca Grande, Lee County",FL,26.7490152,-82.2616717
2005.06.27,"Cape San Blas, Gulf County",FL,29.6675478,-85.3524776
2005.06.25,"Destin, Walton County",FL,30.56401989999999,-86.17517590000001
2005.06.18,Maui,HI,20.7983626,-156.3319253
2005.06.16,"Howard E. Futch Memorial Park at Paradise Beach, Brevard County",FL,28.1219819,-80.5760479
2005.06.07,"Kiawah Island, Charleston County",SC,32.6082373,-80.0848166
2005.06.05,"Surf City, Long Beach Island, Ocean County",NJ,39.6620638,-74.16513770000002
2005.06.02,"Mustang Island, Corpus Christi",TX,27.7103944,-97.1628647
2005.05.28,Daytona Beach Shores,FL,29.1760933,-80.9828323
2005.05.27,"Sand Key Beach, Clearwater, Pinellas County",FL,27.9621494,-82.8317823
2005.05.14,"North Kihei, Maui",HI,20.7969219,-156.48647
2005.05.02.R,Off Sullivans Island,SC,32.7632323,-79.8367511
2005.05.02,"Noreiga's, Maui",HI,20.7983626,-156.3319253
2005.04.13,"Crescent Beach, Sarasota County",FL,27.2556046,-82.54037559999999
2005.04.09,"Central Gulf Coast, St. John County",FL,29.9719419,-81.42789839999999
2005.04.07,"Isla Blanca Park, South Padre Island, Cameron County",TX,26.0753323,-97.1628362
2005.04.06,"Jacksonville Beach, Duval County",FL,30.2841224,-81.3961338
2005.03.12,"Albuquerue Aquarium, Albuquerue",NM,35.0931563,-106.6792669
2005.02.22,"Long Key, Monroe County",FL,24.8171576,-80.8156324
2005.02.16,"Rocky Point, north shore of O'ahu",HI,21.6730556,-158.0494444
2005.02.13,Fort Lauderdale,FL,26.1224386,-80.13731740000001
2004.11.11.b,"Bunkers, Humboldt Bay, Eureka, Humboldt County",CA,40.7195153,-124.242601
2004.10.10,"Limantour Beach, Point Reyes National Seashore",CA,38.0271941,-122.8941424
2004.10.09.b,Moloka'i,HI,21.1443935,-157.0226297
2004.10.02,"Pismo Beach, San Luis Obispo County",CA,35.1427533,-120.6412827
2004.10.01,"Lifeguard Tower 16, Huntington Beach, Orange County",CA,33.6565885,-118.0047298
2004.09.20,Gold  Beach,OR,42.4073334,-124.421774
2004.09.10,South Padre Island,TX,26.1118401,-97.16812569999999
2004.09.04,"North of Apache Pier, Myrtle Beach, Horry County",nan,33.7628505,-78.7810199
2004.08.29,"New Smyrna Beach / Cape Canaveral  National Seashore, Brevard County",FL,28.7953098,-80.7600947
2004.08.20,"204s, San Clemente, Orange County",CA,33.4276762,-117.6277476
2004.08.15,"Kibesillah, Mendocino County",CA,39.59028,-123.77667
2004.08.06,"Big Bayou, St. Petersburg, Pinellas County ",FL,27.7412923,-82.6341636
2004.07.31,"Cocoa  Beach, Brevard County",FL,28.3200067,-80.6075513
2004.07.28,"Rodanthe, Dare County",NC,35.600383,-75.4655882
2004.07.27.b,"Carolina Beach, New Hanover County",NC,34.0351726,-77.8935966
2004.07.27.a,Galveston Island,TX,29.241005,-94.90913289999999
2004.07.25,"Bryan Beach, Brazoria County",TX,28.8833061,-95.3785523
2004.07.02.a,"Gulf Shores Beach, Baldwin County",AL,30.2460361,-87.70081929999999
2004.06.26.b,"San Onofre State Beach, San Diego County",CA,33.3728077,-117.5656012
2004.06.14,"Disney / Vero Beach, Indian River County",FL,27.7615664,-80.3967349
2004.06.10.a,"Daytona Beach Shores, Volusia County",FL,29.1760933,-80.9828323
2004.05.29,"Pirate's Beach, Galveston Island",TX,29.2044545,-94.9364053
2004.05.28,"Salmon Creek, Sonoma County",CA,38.350472,-123.0622242
2004.05.23.a,"St. Augustine, St. John's County",FL,29.9012437,-81.31243409999999
2004.05.22.c,St. Augustine  St. Johns County,FL,29.9012437,-81.31243409999999
2004.05.22.b,"Jacksonville Beach, Duval County",FL,30.2841224,-81.3961338
2004.05.04,Channel between South Padre Island & Padre Island National Seashore,TX,26.1118401,-97.16812569999999
2004.04.07,"Kahana Beach, Maui",HI,20.9766667,-156.6825
2004.04.04,Velzyland,HI,21.6846128,-158.0313241
2004.03.31.b,"Ocean Reef Park, Singer Island, Palm Beach County",FL,26.7937155,-80.032878
2004.03.31.a,"Stuart Rocks, Martin County",FL,27.197548,-80.2528257
2004.03.28,"Pelican Beach Park, Satellite Beach, Brevard County",FL,28.1673007,-80.58775969999999
2004.03.27.a,"Sanibel Island, Lee County",FL,26.4433972,-82.1115119
2004.03.24,Punaluu,HI,21.5907587,-157.8911301
2004.03.16,"Kalihiwai Beach, Kauai",HI,22.215681,-159.4283612
2003.12.26,"Miami, Dade County",FL,25.5516034,-80.6326916
2003.12.13.b,"Melbourne Beach, Brevard County",FL,28.0683496,-80.56033029999999
2003.11.22,"Daytona Beach, Volusia County",FL,29.2108147,-81.0228331
2003.11.12.a,"South Jetty, New Smyrna Beach, Volusia County",FL,29.0599541,-80.9526133
2003.10.31.c,"Ponte Vedra Beach, St. Johns County",FL,30.2400058,-81.3852595
2003.10.31.a,"Tunnels surf break off Makua Beach, Kaua'i",HI,22.2238537,-159.5610662
2003.10.27,"New Smyrna Beach, Volusia County",FL,29.0258191,-80.9269984
2003.10.24,Honolua Bay,HI,21.0139474,-156.638533
2003.10.14,Near Patrick Air Force Base Brevard County,FL,28.2394645,-80.60751719999999
2003.10.06,Palm Beach?,FL,26.7056206,-80.0364297
2003.10.05.e,"Ocean Reef Park, Singer Island, Palm Beach County",FL,26.7937155,-80.032878
2003.10.05.d,"Stuart Park Beach, Martin County",FL,27.197548,-80.2528257
2003.10.05.c,"South Jetty, New Smyrna Beach, Volusia County",FL,29.0599541,-80.9526133
2003.10.05.b,"Crawford Road beach approach at New Smyrna Beach, Volusia County",FL,29.0435193,-80.9007787
2003.10.05.a,"Cove Beach / Kalama Beach, Kihei, Maui",HI,20.7314382,-156.4529327
2003.09.28,"North Hutchinson Island, St. Lucie Couny",FL,27.6503152,-80.363081
2003.09.21,"Ponce Inlet, New Smyrna Beach, Volusia County",FL,29.0963729,-80.9369983
2003.09.19,"Ponce Inlet, New Smyrna Beach, Volusia County",FL,29.0963729,-80.9369983
2003.09.17,"New Smyrna Beach, Volusia County",FL,29.0258191,-80.9269984
2003.09.14.c,"New Smyrna Beach, Volusia County",FL,29.0258191,-80.9269984
2003.09.14.a,"Bathtub Reef Beach, Martin County",FL,27.186242,-80.16036
2003.09.13.b,"Daytona Beach, Volusia County ",FL,29.2108147,-81.0228331
2003.09.13.a,"Isle of Palms, Charleston County",SC,32.8194131,-79.7343791
2003.09.00,"Boca Grande, Lee County",FL,26.7490152,-82.2616717
2003.08.29,1.5 miles off Surfside ,TX,26.7490152,-82.2616717
2003.08.19,"Avila Beach, San Luis Obispo County",CA,35.1800113,-120.7319127
2003.08.12,"Venice Beach, Los Angeles County",CA,33.9850469,-118.4694832
2003.07.20,"Ponce Inlet, New Smyrna Beach, Volusia County",FL,29.0963729,-80.9369983
2003.07.15,"Daytona Beach, Volusia County",FL,29.2108147,-81.0228331
2003.07.05.b,"Near New Smyrna Jetty, Volusia County",FL,29.0738347,-80.9112452
2003.07.05.a,"Canova Beach, Brevard County",FL,28.136489,-80.5796034
2003.07.00.c,"Fort Lauderdale, Broward County",FL,26.1224386,-80.13731740000001
2003.06.30,"New Smyrna Beach, Volusia County",FL,29.0258191,-80.9269984
2003.06.26,St Augustine Beach. St. Johns County,FL,29.8439828,-81.2711546
2003.06.24.b,"Cocoa Beach, Brevard County",FL,28.3200067,-80.6075513
2003.06.24.a,"Makua Beach, Oahu",HI,21.5319042,-158.2294045
2003.06.19,"Masonboro Island, New Hanover County",NC,34.1329044,-77.8510213
2003.06.08,"Ponce Inlet, Volusia County",FL,29.0963729,-80.9369983
2003.06.00,"Pawleys Island, Georgetown County",SC,33.4332236,-79.12143130000001
2003.05.25,"Coral Cove Park, Jupiter Inlet, Palm Beach County",FL,26.9478705,-80.07444579999999
2003.05.14,"Ponce de Leon Inlet, Volusia County ",FL,29.0711350827738,-80.92284662559236
2003.05.10,Between Magic Sands Beach and Kahaluu Beach on the Kona coast,HI,19.5943328,-155.9718466
2003.05.07,"New Smyrna Beach, Volusia County",FL,29.0258191,-80.9269984
2003.05.03,"Daytona Beach Shores, Volusia County",FL,29.1760933,-80.9828323
2003.04.21.b,"Melbourne Beach, Brevard County ",FL,28.0683496,-80.56033029999999
2003.04.21.a,"Shepard Park, Cocoa Beach, Brevard County ",FL,28.3579479,-80.60531069999999
2003.04.20.c,"Playalinda Beach, Brevard County",FL,28.6555177,-80.6318287
2003.04.20.b,"Sunglow Pier, Daytona Beach Shores, Volusia County",FL,29.146674,-80.9643261
2003.04.20.a,"New Smyrna Beach, Volusia County",FL,29.0258191,-80.9269984
2003.04.19,"New Smyrna Beach, Volusia County  ",FL,29.0258191,-80.9269984
2003.04.18,"North Beach, Patrick AFB, Brevard County",FL,28.2394645,-80.60751719999999
2003.04.15,"Cocoa Beach, Brevard County",FL,28.3200067,-80.6075513
2003.04.09,"Melbourne Beach, Brevard County",FL,28.0683496,-80.56033029999999
2003.04.04,"New Smyrna Beach, Volusia County",FL,29.0258191,-80.9269984
2003.03.10,"Petting Tank, Florida Aquarium, Tampa, Hillsborough County",FL,27.943972,-82.44487470000001
2003.02.15.a,"Jupiter, Palm Beach County",FL,26.9342246,-80.0942087
2002.11.28.a,"Salmon Creek, Sonoma County",CA,38.350472,-123.0622242
2002.11.17,Ka'anapali,HI,20.9358982,-156.6900541
2002.11.11,"Ponce Inlet, New Smyrna Beach, Volusia County",FL,29.0963729,-80.9369983
2002.11.02,"New Smyrna Beach, Volusia County",FL,29.0258191,-80.9269984
2002.10.30,"Kama'ole Beach Park I, Kihei, Maui",HI,20.7221617,-156.4479447
2002.10.11,"Opposite main gate at Patrick Air Force Base, Cape Canaveral, Brevard County",FL,28.2394645,-80.60751719999999
2002.10.05.b,"New Smyrna Beach, Volusia County",FL,29.0258191,-80.9269984
2002.10.05.a,"New Smyrna Beach, Volusia County",FL,29.0258191,-80.9269984
2002.10.03,"New Smyrna Beach, Volusia County",FL,29.0258191,-80.9269984
2002.09.30,"Ormond Beach, Volusia County",FL,29.2858129,-81.0558894
2002.09.29,"Sebastian Inlet, Brevard County",FL,28.263933,-80.7214417
2002.09.27.c,"Kahala, O'ahu",HI,21.2697044,-157.7864379
2002.09.27.b,"Key Largo, Monroe County",FL,25.0865151,-80.4472802
2002.09.21.b,Cape Kiwanda,OR,45.2152814,-123.9695844
2002.09.21.a,"Moonstone Beach, Humboldt County",CA,41.0301251,-124.11229
2002.09.16.a,"Hideaways Beach, Princeville, Kaua'i",HI,22.22329,-159.4958414
2002.09.09,"Ponce Inlet, New Smyrna Beach, Volusia County",FL,29.0963729,-80.9369983
2002.09.05,"Daytona Beach Shores, Volusia County",FL,29.1760933,-80.9828323
2002.08.28,"Kewalo Basin Channel, O'ahu",HI,21.2919685,-157.8581021
2002.08.17,"Gulf of Mexico, 65 miles offshore from Mobile",AL,30.6953657,-88.0398912
2002.08.14,"New Smyrna Beach, Volusia County",FL,29.0258191,-80.9269984
2002.08.11,"Vero Beach, Indian River County",FL,27.6386434,-80.39727359999999
2002.08.07,"Ponce De Leon Inlet, Volusia County",FL,29.0711350827738,-80.92284662559236
2002.08.05,"Topsail Beach, Pender County",NC,34.3651685,-77.63052929999999
2002.07.26,"Myrtle Beach, Horry County",SC,33.6890603,-78.8866943
2002.07.20,"Emerald Isle, Carteret County",NC,34.6779399,-76.95077619999999
2002.07.10,"Ponce Inlet, New Smyrna Beach, Volusia County",FL,29.0963729,-80.9369983
2002.07.09.b,"100 miles off Ocean City, Maryland, in 7000' of water",MD,38.4127352,-75.0591189
2002.07.04,"Wrightsville Beach, New Hanover County",NC,34.2085036,-77.7963709
2002.06.20.a,"New Smyrna Beach, Volusia County",FL,29.0258191,-80.9269984
2002.06.11.b,"Anini Beach, Kaua'i",HI,22.2232101,-159.4629983
2002.06.11.a,"St Augustine Beach, St Johns County",FL,29.8439828,-81.2711546
2002.06.09.b,"South of Ponce Inlet, New Smyrna Beach, Volusia County",FL,29.0963729,-80.9369983
2002.06.09.a,"Jensen Beach, Martin County ",FL,27.2544906,-80.22976969999999
2002.05.31.b,"Stinson Beach, Marin County",CA,37.9004816,-122.6444263
2002.05.31.a,"St. George Island (near Apachicola), Franklin County",FL,29.6584899,-84.8802444
2002.05.22.b,"a pier at the end of Caxambas Drive, Marco Island ",FL,25.913041,-81.694921
2002.05.22.a,"Atlantic Avenue, Palm Beach County",FL,26.7234923,-80.0386795
2002.05.13,"Ten Thousand Islands National Wildlife Refuge, Collier County",FL,25.8362346,-81.54318719999999
2002.04.20,"St. Augustine Beach, St. Johns County",FL,29.8439828,-81.2711546
2002.04.18,"New Smyrna Beach, Volusia County",FL,29.0258191,-80.9269984
2002.04.02,"New Smyrna Beach, Volusia County",FL,29.0258191,-80.9269984
2002.04.01,"Lauderdale-By-The-Sea, Broward County",FL,26.192028,-80.0964326
2002.03.25.b,"Brenecke Beach, Po'ipu, Kaua'i",HI,21.8762603,-159.4537791
2002.03.25.a,"Cocoa Beach, Brevard County",FL,28.3200067,-80.6075513
2002.03.19,"Daytona Beach Shores, Volusia County",FL,29.1760933,-80.9828323
2002.03.15.b,"Deerfield Beach (near Boca Raton), Broward County",FL,26.3184123,-80.09976569999999
2002.03.15.a,"New Smyrna Beach, Volusia County",FL,29.0258191,-80.9269984
2002.01.01.a,"Olowalu, Maui",HI,20.811411,-156.6225893
2001.11.14,"Kapalua, Maui",HI,20.9994687,-156.6640055
2001.09.24,"Ponce Inlet, Volusia County",FL,29.0963729,-80.9369983
2001.09.18,"New Smyrna Beach, Volusia County",FL,29.0258191,-80.9269984
2001.09.16,"2 miles off Pompano Beach, Broward County",FL,26.2750783,-80.1555052
2001.09.15.b,A quarter mile north of Fort Pierce Inlet,FL,27.4727372,-80.28578949999999
2001.09.15.a,"North Topsail Beach, Onslow County",NC,34.4901665,-77.43163
2001.09.08,"Everglades National Park, Monroe County",FL,25.2866155,-80.89865089999999
2001.09.07.b,"Key Biscayne, Dade County",FL,25.693713,-80.1628248
2001.09.07.a,"Waites Island, Horry County",SC,33.8487836,-78.5747337
2001.09.03.b,"Avon, Hatteras Island, Outer Banks, Dare County",NC,35.5584932,-75.4665158
2001.09.03.a,"Avon, Hatteras Island, Outer Banks, Dare County",NC,35.5584932,-75.4665158
2001.09.02,"Mayport Naval Station, Jacksonville, Duval Country",FL,30.38842279999999,-81.407636
2001.09.01,"Sandbridge Beach, Princess Anne County",VA,36.7515387,-76.0529875
2001.08.29,"Coquina Beach, Anna Maria Island, Manatee County",FL,27.4483328,-82.6921634
2001.08.27,"New Smyrna Beach, Volusia County",FL,29.0258191,-80.9269984
2001.08.26,"New Smyrna Beach, Volusia County",FL,29.0258191,-80.9269984
2001.08.25,"New Smyrna Beach, Volusia County",FL,29.0258191,-80.9269984
2001.08.22,"Daytona, Volusia County ",FL,29.2108147,-81.0228331
2001.08.21,"New Smyrna Beach, Volusia County",FL,29.0258191,-80.9269984
2001.08.19.c,"New Smyrna Beach, Volusia County",FL,29.0258191,-80.9269984
2001.08.19.b,"New Smyrna Beach, Volusia County",FL,29.0258191,-80.9269984
2001.08.19.a,"Wilbur-by-the-Sea, Volusia County",FL,29.1289351,-80.9574023
2001.08.18.c,"New Smyrna Beach, Volusia County",FL,29.0258191,-80.9269984
2001.08.18.b,"New Smyrna Beach, Volusia County",FL,29.0258191,-80.9269984
2001.08.18.a,"New Smyrna Beach, Volusia County",FL,29.0258191,-80.9269984
2001.08.05,"Near 70th Avenue, Myrtle Beach, Horry County",SC,33.7405386,-78.8220731
2001.07.26,"Myrtle Beach, Horry County",SC,33.6890603,-78.8866943
2001.07.25,"Taverniier, Monroe County",FL,25.0115186,-80.51506080000001
2001.07.24,"Marathon , Monroe County",FL,24.726026,-81.0446262
2001.07.21,Chatham Island,MA,-43.9271098,-176.4592091
2001.07.15.b,"Santa Rosa Island, Escambia County",FL,30.3978561,-86.7290634
2001.07.15.a,"Amelia Island, Nassau County",FL,30.6265697,-81.46085599999999
2001.07.06.a,Gulf Islands National Seashore,FL,30.3918514,-88.791067
2001.07.03,"Isle of Palms, Charleston County ",SC,32.8194131,-79.7343791
2001.07.00,"Jekyll Island, Glynn County",GA,31.07349189999999,-81.4114142
2001.06.12,Padre Island National Seashore,TX,27.4914221,-97.27983479999999
2001.06.10,Catalina Island,CA,33.3878856,-118.4163103
2001.06.03,"Off 21st Avenue, Isle of Palms, Charleston County",SC,32.7912136,-79.7845127
2001.05.29,Galveston Island,TX,29.241005,-94.90913289999999
2001.05.23 ,"Coligny Beach, Hilton Head, Beaufort County",SC,32.14156200000001,-80.7510617
2001.05.20,"Fripp Island, Beaufort County",SC,32.315928,-80.48364409999999
2001.05.03,"Jacksonville, Duval County",FL,30.3321838,-81.65565099999999
2001.04.28,"New Smyrna Beach, Volusia County",FL,29.0258191,-80.9269984
2001.04.13.b,"New Smyrna Beach, Volusia County",FL,29.0258191,-80.9269984
2001.04.13.a,"New Smyrna Beach, Volusia County",FL,29.0258191,-80.9269984
2001.04.12.e,"Waveland Beach, Hutchinson Island, St Lucie County",FL,27.275216,-80.2069125
2001.04.12.d,"New Smyrna Beach, Volusia County",FL,29.0258191,-80.9269984
2001.04.12.c,"New Smyrna Beach, Volusia County",FL,29.0258191,-80.9269984
2001.04.12.b,"New Smyrna Beach, Volusia County",FL,29.0258191,-80.9269984
2001.04.12.a,"New Smyrna Beach / Waveland, Volusia County",FL,29.0258191,-80.9269984
2001.04.11.d,"New Smyrna Beach, Volusia County",FL,29.0258191,-80.9269984
2001.04.11.c,"New Smyrna Beach / Waveland, Volusia County",FL,29.0258191,-80.9269984
2001.04.11.a,"Ewa Beach, O'ahu",HI,21.3123894,-158.0100917
2001.04.10,"New Smyrna Beach, Volusia County",FL,29.0258191,-80.9269984
2001.04.05,"Bethune Beach, south of New Smyrna Beach, Volusia County",FL,28.9491539,-80.83783000000001
2001.03.23,"Sandy Beach, Oahu",HI,21.2856532,-157.6727453
2001.03.09,"Coral Cove Park, Jupiter Island, Martin County",FL,27.1473295,-80.15681339999999
2001.01.09,"Sunset Cliffs, San Diego",CA,32.72518400000001,-117.2530541
2000.11.18,"Bonita Springs, Lee County",FL,26.339806,-81.7786972
2000.11.10,"Vaughn Beach, Flagler County",FL,29.4086072,-81.2518833
2000.11.04,"1/4 to 1/2 m north of the jetty at Bunkers, Eureka, Humboldt County",CA,40.8020712,-124.1636729
2000.10.20,"Fort Pierce Inlet State Park, St Lucie County",FL,27.4820331,-80.3016686
2000.10.18,Olowalu,HI,20.811411,-156.6225893
2000.10.14,"South Beach, Sebastian, Indian River County",FL,27.5897323,-80.3331127
2000.10.09,"Lake Worth Inlet/West Palm Beach, Palm Beach County",FL,26.772285,-80.037263
2000.10.06.b,"New Smyrna Beach, Volusia County",FL,29.0258191,-80.9269984
2000.10.06.a,"New Smyrna Beach, Volusia County",FL,29.0258191,-80.9269984
2000.10.02,"Wrightsville Beach, New Hanover County",NC,34.2085036,-77.7963709
2000.09.29,"Mavericks, Half Moon Bay, San Mateo County",CA,37.4955696,-122.496687
2000.09.16.a,"Isle of Palms, Charleston County",SC,32.8194131,-79.7343791
2000.09.15,"Fort Pierce Inlet, St Lucie County",FL,27.4727372,-80.28578949999999
2000.09.12,"Sebastian Inlet, Indian River or Brevard County",FL,28.263933,-80.7214417
2000.09.11,"Daytona Beach Shores, Volusia County",FL,29.1760933,-80.9828323
2000.09.10.b,"Vero Beach, Indian River County",FL,27.6386434,-80.39727359999999
2000.09.08.b,"New Smyrna Beach, Volusia County",FL,29.0258191,-80.9269984
2000.08.31,"New Smyrna Beach, Volusia County",FL,29.0258191,-80.9269984
2000.08.30,"Boca Ciega Bay, Tampa, Pinellas County",FL,27.7926967,-82.7657265
2000.08.27.R,Prince William Sound,AK,60.6905448,-147.0970548
2000.08.21,"Bouges Bank, Emerald Isle, Carteret County",NC,34.6779399,-76.95077619999999
2000.08.15,"Kanaha Beach, Maui",HI,20.8996987,-156.4405938
2000.08.13,"South Jacksonville Beach, Duval County",FL,30.2841224,-81.3961338
2000.08.12,"St. Augustine, St. Johns County",FL,29.9012437,-81.31243409999999
2000.08.11,"Emerald Isle, Carteret County",NC,34.6779399,-76.95077619999999
2000.08.10,Florida Keys,FL,25.0979464,-80.4369215
2000.07.25,"New Smyrna Beach, Volusia County",FL,29.0258191,-80.9269984
2000.07.22,"Big Pine Key, Monroe County ",FL,24.6698652,-81.35396899999999
2000.07.17,"Oceanic Pier, Wrightsville Beach, New Hanover County",NC,34.1935142,-77.80497729999999
2000.07.16.b,"Holden Beach, Brunswick County",NC,33.9139209,-78.26938849999999
2000.07.10,"Daytona  Beach, Volusia County",FL,29.2108147,-81.0228331
2000.07.09,"Neptune Avenue, Ormond Beach, Volusia County",FL,29.299783,-81.0479799
2000.07.07,"Mustang Island, Corpus Christi",TX,27.7103944,-97.1628647
2000.07.06,"Pine Island, Corolla, Currituck County",NC,36.275444,-75.7935238
2000.07.04.b,"Daytona Beach, Volusia County",FL,29.2108147,-81.0228331
2000.07.04.a,"Artifical reef 3 miles off Manatee Beach, Manatee County",FL,27.4997598,-82.7139885
2000.07.02.b,"Smyrna Dunes  Park, New Smyrna Beach, Volusia County",FL,29.0654833,-80.9108271
2000.07.02.a,"Smyrna Dunes Park, New Smyrna Beach, Volusia County",FL,29.0654833,-80.9108271
2000.06.19,"Seminole Avenue, Ormond Beach, Volusia County",FL,29.285113,-81.0393989
2000.06.13,"Pensacola Bay, Escambia County",FL,30.4159301,-87.1323139
2000.06.10,"J.P. Luby Surf Park, Corpus Christi",TX,27.6192407,-97.20067309999999
2000.06.09.b,"Gulf Shores, Baldwin County",AL,30.2460361,-87.70081929999999
2000.06.09.a,"Gulf Shores, Baldwin County",AL,30.2460361,-87.70081929999999
2000.06.02,"27th Avenue, New Smyrna Beach, Volusia County",FL,29.0093644,-80.8786348
2000.04.14,"On the south side of Ponce Inlet, Volusia County",FL,29.0963729,-80.9369983
2000.04.09,"Municipal Beach, Riviera Beach, Palm Beach County",FL,26.7753405,-80.0580969
2000.03.31,Santa Rosa Sound Escambia County,FL,30.4019171,-86.7768273
2000.03.26,"Juno Beach, Palm Beach County",FL,26.8797819,-80.0533743
2000.03.24,"Floridana Beach, Brevard County",FL,27.9456312,-80.497996
2000.03.00,Midnight Lump (38 miles offshore),LA,27.9456312,-80.497996
2000.02.21,"Riviera Beach, Palm Beach County",FL,26.7753405,-80.0580969
2000.00.00,"Boca Grande, Lee County",FL,26.7490152,-82.2616717
