location,state,latitude,longitude
"Oceanside, San Diego County",CA,33.1958696,-117.3794834
"St. Simon Island, Glynn County",GA,31.1595905,-81.3885517
"Habush, Oahu",HI,21.4389123,-158.0000565
"Lighhouse Point Park, Ponce Inlet, Volusia County",FL,29.078526,-80.9218453
"Cocoa Beach, Brevard  County",FL,28.3200067,-80.6075513
"Daytona Beach, Volusia County",FL,29.2108147,-81.0228331
"Isle of Palms,  Charleston County",SC,32.8194131,-79.7343791
"Hilton Head Island, Beaufort County",SC,32.216316,-80.752608
"Shipwreckâ€™s Beach, Keoneloa Bay, Kauai",HI,22.0964396,-159.5261238
Kukio Beach,HI,19.8230556,-156.0008333
"Hultin's Beach, Oahu",HI,21.4389123,-158.0000565
"Drakes Estero, Point Reyes, Marin County",CA,38.0537357,-122.9409494
"Stillwater Cove, Monterey County",CA,36.563945,-121.9423337
"Floridana Beach, Brevard County",FL,27.9456312,-80.497996
"White Plains Beach, Oahu",HI,21.3035275,-158.0452282
"Juno Beach, Palm Beach County",FL,26.8797819,-80.0533743
"Ocean Reef Park, Singer Island, Palm Beach County",FL,26.7937155,-80.032878
"Lantana Beach, Palm Beach County",FL,26.5867358,-80.05198589999999
"Davidsons Beach, Kekaha, Kauai",HI,21.9641667,-159.7088889
"Kamaâ€˜ole Beach Park, Maui ",HI,20.7983626,-156.3319253
"Hanna Park, Jacksonville, Duval County",FL,30.3709252,-81.4067718
Rockaway,NY,40.9300943,-74.4872422
Fort Worth,FL,32.7554883,-97.3307658
Palm Beach County,FL,26.6514503,-80.2767327
"Ponce Inlet, Volusia County",FL,29.0963729,-80.9369983
"Ponce Inlet, Volusia County",FL,29.0963729,-80.9369983
"Marathon, Monroe County",FL,24.726026,-81.0446262
"South Padre Island, Cameron County",TX,26.1118401,-97.16812569999999
"New Smyrna Beach, Volusia County",FL,29.0258191,-80.9269984
Bathtub Beach ,FL,27.186242,-80.16036
"Marconi Beach, Wellfleet, Barnstable County",MA,41.8917732,-69.96113059999999
"Sea Pines Resort, Hilton Head Island, Beaufort County",SC,32.216316,-80.752608
"Menauhant Beach, Falmouth,
Barnstable County",MA,41.5493017,-70.5557244
"Between Pescadero Point & Bean Hollow Beach, San Mateo County",CA,36.5618363,-121.9543761
"Jacksonvlle, Duval County",FL,30.3321838,-81.65565099999999
"Hilton Head Island, Beaufort County",SC,32.216316,-80.752608
"DeBordieu Colony, Georgetown County",SC,33.3690565,-79.1517111
Ventnor,NJ,39.3403942,-74.4773735
"Snipes Point, Monroe County",FL,24.6981975,-81.6739784
"Hilton Head Island, Beaufort County",SC,32.216316,-80.752608
"Stearns Wharf, Santa Barbara",CA,34.4103848,-119.6864584
"Seal Rock, Goleta Beach, Santa Barbara",CA,34.4168342,-119.8322099
"South Beach, Westport, Grays Harbor County",WA,46.8892838,-124.1050979
"Santa Cruz, Santa Cruz County",CA,36.9741171,-122.0307963
"Haulover Beach, Miami-Dade County",FL,25.9114426,-80.1234842
Wrightsville Beach,SC,34.2085036,-77.7963709
"South Forest Beach, Hilton Head Island, Beaufort County",SC,32.1421266,-80.7523971
"Singer Island, Palm Beach County",FL,26.7850625,-80.03754080000002
"Burkes Beach, Hilton Head, Beaufort County",SC,32.1940526,-80.6976655
"Ponce Inlet, Volusia County",FL,29.0963729,-80.9369983
"Middle Sambo Reef off Boca Chica, Monroe County",FL,29.0963729,-80.9369983
"Awendaw, Charleston County",SC,33.0376703,-79.61312699999999
Off Jupiter,FL,26.9342246,-80.0942087
"Sunset Beach, Orange County",CA,33.7207336,-118.0735739
"San Onofre, San Diego County ",CA,33.3728077,-117.5656012
"Folly Beach, Charleston County",SC,32.6551798,-79.94036729999999
Georgetown County,SC,33.4213399,-79.29021329999999
"Daytona Beach, Volusia County",FL,29.2108147,-81.0228331
"Kekaha Beach, Kauai",HI,21.9716899,-159.7304201
"Hanna Park, Jacksonville, Duval County",FL,30.3709252,-81.4067718
St. Augustine,FL,29.9012437,-81.31243409999999
"Ormond Beach, Volusia County",FL,29.2858129,-81.0558894
"Melbourne Beach, Brevard County",FL,28.0683496,-80.56033029999999
"Melbourne Beach, Brevard County",FL,28.0683496,-80.56033029999999
"Daytona, Volusia County",FL,29.2108147,-81.0228331
"New Smyrna Beach, Volusia County",FL,29.0258191,-80.9269984
"Destin, Okaloosa County",FL,30.3935337,-86.4957833
"New Smyrna Beach, Volusia County",FL,29.0258191,-80.9269984
Monterey Bay,CA,36.8007413,-121.947311
"Melbourne Beach, Brevard County",FL,28.0683496,-80.56033029999999
16 miles off Hilton Head,SC,32.216316,-80.752608
"Vero Beach, Indian River County",FL,27.6386434,-80.39727359999999
Jensen Beach,FL,27.2544906,-80.22976969999999
"Blockhouse Beach, Brevard County",FL,28.2525727,-80.6031587
"Avalon State Park Beach, North Hutchinson Island, St Lucie County",FL,27.5382739,-80.31620960000001
"New Smyrna Beach, Volusia County",FL,29.0258191,-80.9269984
"Kamaole Beach Park I, Maui",HI,20.7221617,-156.4479447
"Mayport Naval Station Beach, Duval County",FL,30.3787375,-81.41039599999999
Mayport Naval Station  Duval County,FL,30.38842279999999,-81.407636
"Hooipa Beach Park, Maui",HI,20.9342545,-156.356079
"Charlie Young Beach, Kihei, Maui",HI,20.7245696,-156.4490623
"Indian Beach, Ecola State Park, Clatsop County",OR,45.9286181,-123.9785354
"New Smyrna Beach, Volusia County",FL,29.0258191,-80.9269984
"New Smyrna Beach, Volusia County",FL,29.0258191,-80.9269984
"New Smyrna Beach, Volusia County",FL,29.0258191,-80.9269984
"New Smyrna Beach, Volusia County",FL,29.0258191,-80.9269984
"New Smyrna Beach, Volusia County",FL,29.0258191,-80.9269984
"Bunkers, Humboldt Bay, Eureka, Humboldt County",CA,40.7195153,-124.242601
"Ponte Vedra, St. Johns County",FL,30.2400058,-81.3852595
"Makaha, Oahu",HI,21.4664372,-158.2100098
"Kingston Plantation, Myrtle Beach, Horry County",SC,33.7713288,-78.7805948
"New Smyrna Beach, Volusia County",FL,29.0258191,-80.9269984
"Refugio State Beach, Santa Barbara County",CA,34.4631659,-120.0701354
"New Smyrna Beach, Volusia County",FL,29.0258191,-80.9269984
"New Smyrna Beach, Volusia County",FL,29.0258191,-80.9269984
"Ponte Vedra, St. Johns County",FL,30.2400058,-81.3852595
Maui,HI,20.7983626,-156.3319253
"New Smyrna Beach, Volusia County",FL,29.0258191,-80.9269984
"Florida Keys, Monroe County",FL,25.0979464,-80.4369215
8 miles off Mobile,AL,25.0979464,-80.4369215
"New Smyrna Beach, Volusia County",FL,29.0258191,-80.9269984
"New Smyrna Beach, Volusia County",FL,29.0258191,-80.9269984
"Surfside, Orange County",CA,33.7271486,-118.0819073
"North Myrtle Beach, Horry County",SC,33.8160058,-78.680016
"Capitola, Santa Cruz County",CA,36.9752283,-121.953293
"Off Gloucester, Essec County",MA,42.6159285,-70.6619888
"Off Palos Verdes peninsula, Los Angeles County",CA,33.7683844,-118.3492165
"Melbourne Beach, Brevard County",FL,28.0683496,-80.56033029999999
Sullivan's Island,SC,32.7632323,-79.8367511
"Atlantic Beach, Emerald Isle, Carteret County",NC,34.6779399,-76.95077619999999
"North Myrtle Beach, Horry County",SC,33.8160058,-78.680016
"Pelican Beach Park, Satellite Beach, Brevard County",FL,28.1673007,-80.58775969999999
"Kalapaki Beach, Kauai",HI,21.9605229,-159.3501759
"Pirates Beach, Galveston",TX,29.2044545,-94.9364053
"Atlantic Beach, Emerald Isle, Carteret County",NC,34.6779399,-76.95077619999999
"Folly Beach, Charleston County",SC,32.6551798,-79.94036729999999
"Flagler Beach, Flagler County",FL,29.4749754,-81.1270035
"Corona Del Mar, Newport, Orange County",CA,33.5978595,-117.8730142
"Neptune, Duval County",FL,30.3500511,-81.6035062
"Vero Beach, Indian River County",FL,27.6386434,-80.39727359999999
"St. Petersburg, Pinellas County",FL,27.7676008,-82.64029149999999
"Hugenot Beach , Jacksonville, Duval County",FL,30.2731279,-81.3877396
"Ponte Vedra, St. Johns County",FL,30.2400058,-81.3852595
"Boca Raton, Palm Beach County",FL,26.3683064,-80.1289321
"Wailea Beach, Maui",HI,20.682848,-156.4429602
"New Smyrna Beach, Volusia County",FL,29.0258191,-80.9269984
"Off Singer Island, Palm Beach County",FL,26.7850625,-80.03754080000002
"Florida Keys, Monroe County",FL,25.0979464,-80.4369215
"Corners Beach, Jupiter, Palm Beach County",FL,26.9346198,-80.0923598
"Olowalu, Maui",HI,20.811411,-156.6225893
"Fort Myers Beach, Lee County",FL,26.4520248,-81.948145
"Bolsa Chica State Park, Orange County",CA,33.6955698,-118.0487973
"Vero Beach, St. Lucie County",FL,27.6386434,-80.39727359999999
"Ocean Reef Park, Singer Island, Palm Beach County",FL,26.7937155,-80.032878
"Hanalei Bay, Kauai",HI,22.2090776,-159.5067583
"Hanalei Bay, Kauai, ",HI,22.2090776,-159.5067583
Off Surfside,TX,25.8784284,-80.12560069999999
"Wailea Beach, Maui",HI,20.682848,-156.4429602
La'aloa Beach Park,HI,19.5937185,-155.9712015
"Playalinda Beach, Brevard County",FL,28.6555177,-80.6318287
"Palm Beach, Palm Beach County",FL,26.6514503,-80.2767327
"Ocean Reef Park, Singer Island, Palm Beach County",FL,26.7937155,-80.032878
"Paradise Beach, Melbourne, Brevard County",FL,28.1230177,-80.5753656
"Kehena Beach, Hawaii",HI,19.3946577,-154.9290878
"Cocoa Beach, Brevard  County",FL,28.3200067,-80.6075513
"Malaka, Oahu",HI,21.4389123,-158.0000565
"Playalinda Beach, Brevard County",FL,28.6555177,-80.6318287
"Deerfield Beach, Broward County",FL,26.3184123,-80.09976569999999
"Waikiki, ",HI,21.2793462,-157.8291847
"Lanikai Beach, Kailua, Oahu",HI,21.3925378,-157.7151208
"Off Leffingwell Landing, San Luis Obispo County",CA,35.5838504,-121.1214197
"Shipyard Beach Club, Hilton Head Island, Beaufort County",SC,32.1537409,-80.7301358
"Leftovers, Oahu",HI,21.4389123,-158.0000565
"Pepper Park Beach, St. Lucie County",FL,27.4957492,-80.30101719999999
Galveston,TX,29.3013479,-94.7976958
"New Smyrna Beach, Volusia County",FL,29.0258191,-80.9269984
"Vilano Beach, St.  Johns County",FL,29.9385794,-81.3020173
"Horseshoe Rock, Santa Barbara County",CA,34.4208305,-119.6981901
"New Smyrna Beach, Volusia County",FL,29.0258191,-80.9269984
"Upolu Point, North Kohala, Big Island",HI,20.2689664,-155.8545221
"Fernandina Beach, Amelia Island, Nassau County",FL,30.6696818,-81.46259189999999
"Vilano Beach, St.  Johns County",FL,29.9385794,-81.3020173
"Gaviota State Beach, Santa Barbara County",CA,34.4733557,-120.229478
"Big Talbot Island, Duval County",FL,30.48115809999999,-81.4430057
"Jacksonville Beach, Duval County",FL,30.2841224,-81.3961338
"El Pescador Beach, Los Angeles County",CA,34.0403608,-118.8921386
"Deer Creek Beach, Ventura County",CA,34.0626091,-118.9866325
"Myrtle Beach, Horry County",SC,33.6890603,-78.8866943
"Morro Strand State Beach, San Luis Obispo County",CA,35.3918466,-120.8664024
"Morro Bay, San Luis Obispo County",CA,35.3659445,-120.8499924
"Cocoa Beach, Brevard  County",FL,28.3200067,-80.6075513
"Murrells Inlet, Georgetown County",SC,33.5510021,-79.0414261
"Jacksonville Beach, Duval County",FL,30.2841224,-81.3961338
Santa Barbara County,CA,34.4208305,-119.6981901
Cortes Bank,CA,32.4666667,-119.1666667
"Daytona Beach, Volusia County",FL,29.2108147,-81.0228331
"Edisto Beach, Colleton County",SC,32.4793551,-80.33482289999999
"La Jolla, San Diego County",CA,32.8328112,-117.2712717
"Huntington Beach, Orange County",CA,33.6594835,-117.9988026
"Huntington Beach, Orange County",CA,33.6594835,-117.9988026
"Off Surf City, Pender County",NC,34.4271121,-77.5460805
"Ocracoke, Lifeguard Beach, National Park Service, Hyde County",NC,35.1082841,-75.95394859999999
"Isle of Palms County Park, Isle of Palms, Charleston County",SC,32.786886,-79.785866
"Rodanthe, Dare County",NC,35.600383,-75.4655882
"Jacksonville Beach, Duval County",FL,30.2841224,-81.3961338
"South Beach, Hunting Island State Park, Beaufort County",SC,32.3585481,-80.4521216
"Avon, Hatteras Island, Outer Banks, Dare County",NC,35.5584932,-75.4665158
Surf City,NC,34.4271121,-77.5460805
"St. Helena Island, Beaufort County",SC,32.3805215,-80.5616773
Daytona Beach Shores,FL,29.1760933,-80.9828323
"Oak Island, Brunswick County",NC,33.9203824,-78.16081969999999
"Oak Island, Brunswick County",NC,33.9203824,-78.16081969999999
Off San Diego,CA,32.715738,-117.1610838
"Ocean Isle, Brunswick County",NC,33.8877282,-78.4364471
"Lori Wilson Park, Cocoa Beach, Brevard  County",FL,28.3371416,-80.60948499999999
Fort Lauderdale,FL,26.1224386,-80.13731740000001
"Cocoa Beach, Brevard  County",FL,28.3200067,-80.6075513
"New Smyrna Beach, Volusia County",FL,29.0258191,-80.9269984
"Cocoa Beach, Brevard  County",FL,28.3200067,-80.6075513
"New Smyrna Beach, Volusia County",FL,29.0258191,-80.9269984
Sullivan's Island,SC,32.7632323,-79.8367511
"Cocoa Beach, Brevard  County",FL,28.3200067,-80.6075513
Kanahena Cove ,HI,20.618084,-156.437518
"Resident's Beach, Marco Island",FL,25.9354415,-81.7331861
"Florida Keys, Monroe County",FL,25.0979464,-80.4369215
"3 miles off Jupiter, Palm Beach County",FL,26.9312323,-80.0970862
Hapuna Beach,HI,19.9913889,-155.825
Lahaina,HI,20.882371,-156.6816195
Off Panama City,FL,8.9823792,-79.51986959999999
"Windsor Beach, Indian River County",FL,27.7883605,-80.4142177
"MontaÃ±a de Oro State Park, San Luis Obispo County ",CA,35.2553482,-120.8418223
"Franklin Point, San Mateo County",CA,37.1496689,-122.3605292
"Indian Harbor Beach, Brevard County",FL,28.1489021,-80.5883855
"Airplane Beach, Lahina, West Maui",HI,20.882371,-156.6816195
"Fort Pierce Inlet State Park, St. Lucie County",FL,27.4820331,-80.3016686
"North Kohala, Hawaii County",HI,19.5429151,-155.6658568
"Kihei, Maui",HI,20.7399409,-156.4541873
"Kahului, Maui",HI,20.8893016,-156.4728725
"Leadbetter Beach, Santa Barbara County",CA,34.4024436,-119.6993154
"Maalaea, South Maui",HI,20.7932283,-156.5111246
"Hilton Head Island, Beaufort County",SC,32.216316,-80.752608
"Melbourne Beach, Brevard County",FL,28.0683496,-80.56033029999999
"New Smyrna Beach, Volusia County",FL,29.0258191,-80.9269984
"Cherie Down Park, Brevard County",FL,28.3918352,-80.5969563
"New Smyrna Beach, Volusia County",FL,29.0258191,-80.9269984
Santa Barbara County,CA,34.4208305,-119.6981901
Santa Barbara County,CA,34.4208305,-119.6981901
"Walls Beach, Vandenberg AFB, Santa Barbara County",CA,34.7069443,-120.6007178
"New Smyrna Beach, Volusia County",FL,29.0258191,-80.9269984
"Manresa State Beach, Santa Cruz County",CA,36.9321893,-121.8630067
"Katrina Cut, Dauphin Island, Mobile County",AL,30.2542565,-88.1124155
"Manomet Point, Plymouth, Plymouth County",MA,41.9221287,-70.5488323
"Fletcher Beach, Hutchinson Island, Martin County",FL,27.2054948,-80.1694057
"New Smyrna Beach, Volusia County",FL,29.0258191,-80.9269984
"Ponce Inlet, Volusia County",FL,29.0963729,-80.9369983
"Atlantic Beach, Duval County",FL,30.3344077,-81.398696
Assateague National Seashore,MD,38.2495591,-75.1561322
"Figure Eight Island,  New Hanover County",NC,34.2693745,-77.7444928
"Surfside Beach, Horry  County",SC,33.6060031,-78.97308869999999
Apalachicola Bay ,FL,29.6718143,-85.0025539
"Off Masonboro Island, New Hanover County",NC,34.1329044,-77.8510213
"3 to 4 miles west of Indian Pass, Gulf County",FL,29.677653,-85.22765
"Hallandale Beach, Broward County",FL,25.9812024,-80.14837899999999
"Lori Wilson Park, Cocoa Beach, Brevard  County",FL,28.3371416,-80.60948499999999
"Lake Ponchartain off Southshore Harbor, New Orleans",LA,30.03805909999999,-90.0155759
"Folly Beach, Charleston County",SC,32.6551798,-79.94036729999999
"Cocoa Beach, Brevard  County",FL,28.3200067,-80.6075513
"South of Cocoa Beach, Brevard County",FL,28.2813972,-80.6064403
"Sunset Beach, Brunswick County",NC,33.8820632,-78.5183816
"Indialantic, Brevard County",FL,28.0894599,-80.5656079
"Paia Bay, Maui",HI,20.9173855,-156.3836273
Okaloosa Island,FL,30.3980135,-86.5977355
"Masonboro Island, New Hanover County",NC,34.1329044,-77.8510213
"New Smyrna Beach, Volusia County",FL,29.0258191,-80.9269984
"Manhattan Beach, Los Angeles County",CA,33.8847361,-118.4109089
"Oceano Dunes State Beach, San Luis Obispo County",CA,35.105511,-120.6308667
"Isle of Palms, Charleston County",SC,32.8194131,-79.7343791
"Cape Henlopen State Park, Sussex County",DE,38.7821424,-75.10325329999999
"West Beach, Galveston",TX,29.2000762,-94.9418083
Fort Lauderdale,FL,26.1224386,-80.13731740000001
"Juan Ponce de LeÃ³n Landing, Melbourne Beach, Brevard County",FL,28.0683496,-80.56033029999999
"Jacksonville Beach, Duval County",FL,30.2841224,-81.3961338
"Tybee Island, Chatham County",GA,32.0002152,-80.845666
"Bethel Shoals, Indian River County",FL,27.6947732,-80.54384499999999
"Coligny Beach, Hilton Head, Beaufort County",SC,32.14156200000001,-80.7510617
"New Smyrna Beach, Volusia County",FL,29.0258191,-80.9269984
"Cocoa Beach, Brevard  County",FL,28.3200067,-80.6075513
"New Smyrna Beach, Volusia County",FL,29.0258191,-80.9269984
"New Smyrna Beach, Volusia County",FL,29.0258191,-80.9269984
"New Smyrna Beach, Volusia County",FL,29.0258191,-80.9269984
Delray Beach,FL,26.4614625,-80.0728201
Macarthur State Park,FL,26.8223567,-80.0431002
"Santa Lucea Beach, South Hutchinson Island, St. Lucie County",FL,27.2073806,-80.1710775
"Ninole Bay, Hawaii County",HI,19.9382406,-155.1686078
"Cocoa Beach, Brevard  County",FL,28.3200067,-80.6075513
"Between  Makena & Molokini, Maui",HI,28.3200067,-80.6075513
"Keawekapu Beach, Kihei, Maui",HI,20.7039159,-156.4463238
"Gleneden Beach, Lincoln County",OR,44.8814151,-124.034593
"Bay Head, Ocean County",NJ,40.0717828,-74.0543036
"Floridana Beach, Brevard County",FL,27.9456312,-80.497996
"Kanaha Beach, Maui",HI,20.8996987,-156.4405938
"Waiehu, Maui",HI,20.9175847,-156.497786
"Pila'a Beach, Kaua'i",HI,22.2147222,-159.3658333
Miami Beach,FL,25.790654,-80.1300455
"Bunkers, Humboldt Bay, Eureka, Humboldt County",CA,40.7195153,-124.242601
"Melbourne Beach, Brevard County",FL,28.0683496,-80.56033029999999
"Panama City, Bay County",FL,30.1588129,-85.6602058
"Ormond Beach, Volusia County",FL,29.2858129,-81.0558894
"Carlin Park, Jupiter, Palm Beach County",FL,26.9291055,-80.0691932
"Casino Beach, Pensacola, Escambia County",FL,30.332493,-87.14237899999999
"New Smyrna Beach,  Volusia County",FL,29.0258191,-80.9269984
"St. Helena Island, Beaufort County",SC,32.3805215,-80.5616773
"New Smyrna Beach,  Volusia County",FL,29.0258191,-80.9269984
"New Smyrna Beach,  Volusia County",FL,29.0258191,-80.9269984
"Ormond Beach, Volusia County",FL,29.2858129,-81.0558894
Key West Aquarium,FL,24.55907,-81.807332
"St Augustine Beach, St Johns County",FL,29.8439828,-81.2711546
"Butterfly Beach, Montecito, Santa Barbara County",CA,34.4176221,-119.6491956
Catalina Channel,CA,33.3878856,-118.4163103
"Winterhaven Park,           Ponce Inlet, Volusia County",FL,29.1047098,-80.9415953
Pohoiki ,HI,19.4608333,-154.8469444
"Pillar Point, Half-Moon Bay, San Mateo County",CA,37.5030312,-122.4822904
"Makenat, Maui",HI,20.6544444,-156.4425
"Ka'a Point, Maui",HI,20.8985743,-156.4473714
Folly Beach,SC,32.6551798,-79.94036729999999
"Sanibel Island, Lee County",FL,26.4433972,-82.1115119
"Ulua Beach, Maui",HI,20.6903433,-156.4436167
"Isle of Palms, Charleston County",SC,32.8194131,-79.7343791
"White Plains Beach, Oahu",HI,21.3035275,-158.0452282
"Gulf Shores, Baldwin County",AL,30.2460361,-87.70081929999999
"Butler Beach, St Augustine,       St. Johns County",FL,29.7983039,-81.2670131
Holden Beach. Brunswick County,NC,33.9139209,-78.26938849999999
"Pacific State , San Mateo County",CA,37.4337342,-122.4014193
"Jacksonville, Duval County",FL,30.3321838,-81.65565099999999
"Kiawah Island, Charleston County",SC,32.6082373,-80.0848166
Kona Coast State Park,HI,19.7814453,-156.0416545
"Surfside Beach, Brazoria County",TX,28.9516604,-95.2875474
"Atlantic Beach, Duval County",FL,30.3344077,-81.398696
"Myrtle Beach, Horry County",SC,33.6890603,-78.8866943
"Off Snipe Point, Florida Keys, Monroe County",FL,24.6981975,-81.6739784
"Halewia, Oahu",HI,21.5927614,-158.1034112
"Ormond Beach, Volusia County",FL,29.2858129,-81.0558894
"Tourmaline Surf Park, San Diego County",CA,32.8051352,-117.2622363
"Melbourne Beach, Brevard County",FL,28.0683496,-80.56033029999999
"Near Boynton Beach, Palm Beach County",FL,26.5317866,-80.0905465
"New Smyrna Beach, Volusia County",FL,29.0258191,-80.9269984
"Jensen Beach, Martin County ",FL,27.2544906,-80.22976969999999
Kaâ€™anapali Shores,HI,20.9358982,-156.6900541
"Ka'anapali, Honokowai, Maui",HI,20.9358982,-156.6900541
"Paia Bay, Maui",HI,20.9173855,-156.3836273
"""Stuart Rocks"", Martin County",FL,27.197548,-80.2528257
Kiholo Bay,HI,19.8563675,-155.9217446
"Jensen Beach, Martin County ",FL,27.2544906,-80.22976969999999
Kauai,HI,22.0964396,-159.5261238
"Kihei, Maui",HI,20.7399409,-156.4541873
"Melbourne Beach, Brevard County",FL,28.0683496,-80.56033029999999
"Makena Landing, Maui",HI,20.653797,-156.4410126
"Davidson's Surf Break, Kekaha, Kaua'i",HI,21.9692675,-159.7163591
"Humboldt Bay, Eureka, Humboldt County",CA,40.7195153,-124.242601
"Makena Landing, Maui",HI,20.653797,-156.4410126
"Surf Beach, Lompoc, Santa Barbara County",CA,34.6391501,-120.4579409
"Seaport, Brevard County",FL,28.4181022,-80.6150176
"Ponce Inlet, Volusia County",FL,29.0963729,-80.9369983
"Kanaha Beach, Maui",HI,20.8996987,-156.4405938
Hobe Sound,FL,27.059498,-80.1364323
"Davenport Landing, Santa Cruz County",CA,37.0260309,-122.2159035
"Melbourne Beach, Brevard County",FL,28.0683496,-80.56033029999999
"Spanish House Beach, Brevard County",FL,28.263933,-80.7214417
" Cocoa Beach, Brevard  County",FL,28.3200067,-80.6075513
"New Smyrna Beach, Volusia County",FL,29.0258191,-80.9269984
"Lori Wilson Park, Cocoa Beach, Brevard  County",FL,28.3371416,-80.60948499999999
"South Beach, Miami-Dade County",FL,25.7826123,-80.1340772
"Neptune Beach, Duval County",FL,30.311908,-81.39647339999999
"St. Augustine Beach, St. John's County",FL,29.8439828,-81.2711546
"Melbourne Beach, Brevard County",FL,28.0683496,-80.56033029999999
"New Smyrna Beach, Volusia County",FL,29.0258191,-80.9269984
"New Smyrna Beach, Volusia County",FL,29.0258191,-80.9269984
"Gulf Shores, Baldwin County",AL,30.2460361,-87.70081929999999
Key Largo,FL,25.1877642,-80.360297
"Topanga Beach, Los Angeles County",CA,34.0919452,-118.6021321
"Mahaâ€˜ulepu Beach, Kauai",HI,21.8924999,-159.4169444
"Ballston Beach, Truro, Cape Cod",MA,42.00065910000001,-70.020301
"Ocean Isle, Brunswick County",NC,33.8877282,-78.4364471
"North Topsail Beach, Onslow County",NC,34.4901665,-77.43163
"Pleasure Point, Santa Cruz County",CA,36.9635135,-121.9648975
"Juno Beach, Palm Beach County",FL,26.8797819,-80.0533743
"New Smyrna Beach, Volusia County",FL,29.0258191,-80.9269984
"Kahana Beach, Maui",HI,20.9766667,-156.6825
"Bathtub Reef  Beach, Stuart, Martin County",FL,27.186242,-80.16036
"Myrtle Beach, Horry County",SC,33.6890603,-78.8866943
"Ocean Isle, Brunswick County",NC,33.8877282,-78.4364471
"Summerland Key, Monroe County",FL,24.6613356,-81.4448502
"Myrtle Beach, Horry County",SC,33.6890603,-78.8866943
"Myrtle Beach, Horry County",SC,33.6890603,-78.8866943
"Myrtle Beach, Horry County",SC,33.6890603,-78.8866943
"Myrtle Beach, Horry County",SC,33.6890603,-78.8866943
"Bethune Beach, Volusia County",FL,28.941441,-80.844768
"Myrtle Beach, Horry County",SC,33.6890603,-78.8866943
"Avon, Hatteras Island, Outer Banks, Dare County",NC,35.5584932,-75.4665158
"Jacksonville, Duval County",FL,30.3321838,-81.65565099999999
"Iroquiois Point, Oahu",HI,21.3253188,-157.9856009
"Leffingwell Landing, Cambria,  San Luis Obispo County",CA,35.5838504,-121.1214197
"Vero Beach, Indian River County",FL,27.6386434,-80.39727359999999
Off Catalina Island,CA,33.3878856,-118.4163103
"Indialantic, Brevard County",FL,28.0894599,-80.5656079
"Leftovers near Chun's Reef, Oahu",HI,21.6269444,-158.0838889
"Sanibel Island, Lee County",FL,26.4433972,-82.1115119
"New Smyrna Beach, Volusia County",FL,29.0258191,-80.9269984
"Jensen Beach, Martin County ",FL,27.2544906,-80.22976969999999
"New Smyrna Beach, Volusia County",FL,29.0258191,-80.9269984
"New Smyrna Beach, Volusia County",FL,29.0258191,-80.9269984
"Playalinda Beach, Brevard County",FL,28.6555177,-80.6318287
"Palm Beach Inlet, Palm Beach County",FL,26.772285,-80.037263
Lanai,HI,20.8165975,-156.9273193
"Lincoln City, Lincoln County",OR,44.9620902,-124.0159354
"Jupiter, Palm Beach County",FL,26.9342246,-80.0942087
New Smyrna Beach,FL,29.0258191,-80.9269984
"Makahuena Point, Kauai",HI,21.8717452,-159.4463529
Seaside Cove,OR,45.9757488,-123.9393253
Pigeon Point,CA,37.1864492,-122.3832545
"Marina State Beach, Monterey County",CA,36.6963431,-121.8090743
"Newport, Lincoln County",OR,44.6367836,-124.0534505
Cape Canaveral,FL,28.4740089,-80.5771737
Seaside,OR,30.3216504,-86.1429286
"Santa Maria Island, Manatee County",FL,27.5041264,-82.7144811
"Gulf Shores, Baldwin County",AL,30.2460361,-87.70081929999999
Hatillo Beach,nan,18.4863331,-66.82545449999999
"Santa Maria Island, Manatee County",FL,27.5041264,-82.7144811
"North Myrtle Beach, Horry County",SC,33.8160058,-78.680016
Kauai,HI,22.0964396,-159.5261238
New Smyrna Beach,FL,29.0258191,-80.9269984
"Samoa Beach, Humboldt County",CA,40.80628129999999,-124.1991726
"Nimitz State Beach, Oahu",HI,21.3351996,-157.9028349
"New Smyrna Beach, Volusia County",FL,29.0258191,-80.9269984
Crescent Beach St. Johns County,FL,29.76886,-81.2536786
"Grass Island, Aransas County",TX,28.0761262,-96.9638624
"Buxton Beach, Dare County",NC,35.2688839,-75.5394136
Holden Beach. Brunswick County,NC,33.9139209,-78.26938849999999
"Kure Beach, New Hanover County",NC,33.9968399,-77.90720809999999
"Wrightsville Beach, New Hanover County",NC,34.2085036,-77.7963709
 Vieques,nan,18.1262854,-65.44009849999999
"Myrtle Beach, Horry County",SC,33.6890603,-78.8866943
Beaufort Inlet,NC,34.6937732,-76.6663185
"Egg Harbor, Atlantic County",NJ,39.3822537,-74.6166192
"Ocracoke Island, Hyde County",NC,35.1146152,-75.9810097
"South Padre Island, Cameron County",TX,26.1118401,-97.16812569999999
"Sunday Beach, Matagorda Island, Calhoun  County",TX,28.1688928,-96.7386946
"Mustang Island, Nueces County",TX,27.7103944,-97.1628647
"North Topsail Beach, Onslow County",NC,34.4901665,-77.43163
"San Onofre State Beach, San Diego County",CA,33.3728077,-117.5656012
"Perdido Key, Escambia County",FL,30.3035037,-87.42731719999999
"Off Jupiter Inlet, Palm Beach County",FL,26.9478705,-80.07444579999999
"La Jolla, San Diego County",CA,32.8328112,-117.2712717
"New Smyrna Beach, Volusia County",FL,29.0258191,-80.9269984
"Follett's Island, Brazoria County",TX,29.0424663,-95.1696535
"Lyman Beach, Kailua-Kona",HI,19.6419129,-155.9962255
"Lyman Beach, Kailua-Kona",HI,19.6419129,-155.9962255
"Ponte Vedra Beach, St Johns County",FL,30.2400058,-81.3852595
"Ormond Beach, Volusia County",FL,29.2858129,-81.0558894
Miami,FL,25.7616798,-80.1917902
"Riviera Beach, Palm Beach County",FL,26.7753405,-80.0580969
"New Smyrna Beach, Volusia County",FL,29.0258191,-80.9269984
Matagorda Beach,TX,28.5973417,-95.97726779999999
" Kahului, Maui",HI,20.8893016,-156.4728725
"Tavares Bay, Maui",HI,20.7983626,-156.3319253
Florence,OR,43.7695604,11.2558136
"Burnt Cove near Eastport, Washington County",ME,44.1625115,-68.6835516
"Surf Beach, Vandenberg AFB, Santa Barbara County",CA,34.6844268,-120.6035029
Winchester Bay,OR,43.6770608,-124.1748369
Sandridge Beach,VA,-37.8401129,144.9163672
"St. Augustine, St. John's County",FL,29.9012437,-81.31243409999999
"New Smyrna Beach, Volusia County",FL,29.0258191,-80.9269984
"New Smyrna Beach, Volusia County",FL,29.0258191,-80.9269984
"New Smyrna Beach, Volusia County",FL,29.0258191,-80.9269984
Crescent Beach St. Johns County,FL,29.76886,-81.2536786
"Pigeon Point, San Mateo County",CA,37.1864492,-122.3832545
"Figure Eight Island, Wilmington, New Hanover County",NC,34.2103894,-77.8868117
"Bethune Beach, Volusia County",FL,28.941441,-80.844768
"Near oil rig Hondo, 5 nm from Gaviota, Santa Barbara County",CA,34.4716558,-120.2148716
"Micklers Landing, St. Johns County",FL,30.1615592,-81.35737440000001
"Isle of Palms, Charleston County",SC,32.8194131,-79.7343791
"Jacksonville Beach, Duval County",FL,30.2841224,-81.3961338
Myrtle Beach,SC,33.6890603,-78.8866943
"Wrightsville Beach, New Hanover County",NC,34.2085036,-77.7963709
New Smyrna Beach,FL,29.0258191,-80.9269984
Galveston,TX,29.3013479,-94.7976958
"Lauderdale-by-the-Sea, Broward County",FL,26.192028,-80.0964326
Off Long Island,NY,40.789142,-73.13496099999999
"Pismo Beach, San Luis  Obispo County",CA,35.1427533,-120.6412827
"Dog Patch, San Onofre",CA,33.3728077,-117.5656012
"Eight Mile Beach, Galveston",TX,29.2377835,-94.8843399
Fripp Island,SC,32.317001,-80.4966062
"Topsail Island, Pender County",NC,34.3651685,-77.63052929999999
Jacksonville,FL,30.3321838,-81.65565099999999
"Ponte Vedra Beach, St Johns County",FL,30.2400058,-81.3852595
Off Tarpon Springs,FL,28.1461248,-82.7567679
New Smyrna Beach,FL,29.0258191,-80.9269984
Hanalei Bay,FL,22.2090776,-159.5067583
"Hanalei Bay, Kauai",HI,22.2090776,-159.5067583
Riviera Beach,FL,26.7753405,-80.0580969
"Stuart, Martin County",FL,27.197548,-80.2528257
Elliot Key,FL,25.4396585,-80.2000596
"Adventure Aquarium, Camden",NJ,39.9460868,-75.1311712
"Huntington Beach, Orange County",CA,33.6594835,-117.9988026
"Lori Wilson Park, Cocoa Beach, Brevard County",FL,28.3371416,-80.60948499999999
"Loch Lomond, Marin County",CA,37.9736887,-122.4814827
"Jupiter, Palm Beach County",FL,26.9342246,-80.0942087
"Jupiter, Palm Beach County",FL,26.9342246,-80.0942087
"New Smyrna Beach, Volusia County",FL,29.0258191,-80.9269984
"Davenport, Santa Cruz County",CA,37.01352079999999,-122.1966597
"San Onofre, San Diego County ",CA,33.3728077,-117.5656012
"Kalama Park, Maui",HI,20.7314382,-156.4529327
"San Onofre State Beach, San Diego County",CA,33.3728077,-117.5656012
"Key Colony Beach, Monroe County",FL,24.7209744,-81.0186827
"Corolla, Currituck County",NC,36.3802879,-75.8307777
"Huntington Beach, Orange County",CA,33.6594835,-117.9988026
"Terramar Beach, Carlsbad, San Diego County",CA,33.1280924,-117.3336884
"Ponce, Volusia County",FL,29.0279842,-81.0754657
Kawa'a ,HI,29.0279842,-81.0754657
"Curlew Island, Breton Sound",LA,29.5007664,-89.2506046
South Padre Island,TX,26.1118401,-97.16812569999999
Holden Beach. Brunswick County,NC,33.9139209,-78.26938849999999
"Intracoastal Waterway,      St. Petersburg",FL,59.9310584,30.3609097
"San Onofre, San Diego County ",CA,33.3728077,-117.5656012
"Daytona Beach, Volusia County",FL,29.2108147,-81.0228331
"Biscayne National Park, Miami",FL,25.7616798,-80.1917902
"Shell Beach, San Luis Obispo County",CA,35.1738337,-120.6997858
"Melbourne Beach, Brevard County",FL,28.0683496,-80.56033029999999
"Clearwater Beach, Pinellas County",FL,27.972065,-82.8285877
"New Smyrna Beach, Volusia County",FL,29.0258191,-80.9269984
"New Smyrna Beach, Volusia County",FL,29.0258191,-80.9269984
"New Smyrna Beach, Volusia County",FL,29.0258191,-80.9269984
"St. Augustine, St. John's County",FL,29.9012437,-81.31243409999999
"San Onofre State Beach, San Diego County",CA,33.3728077,-117.5656012
"New Smyrna Beach, Volusia County",FL,29.0258191,-80.9269984
"Carlin Park, Jupiter Inlet",FL,26.9291055,-80.0691932
"Walton Rocks, St Lucie County",FL,27.3378902,-80.23343059999999
Kona,HI,19.6419129,-155.9962255
San Diego County,CA,32.7157305,-117.1610966
"Sanibel Island, Lee County",FL,26.4433972,-82.1115119
"Ponce Inlet, Volusia County",FL,29.0963729,-80.9369983
Alenuihaha Channel,HI,20.6333333,-156.0416667
Quebradillas,nan,18.473833,-66.938512
"Dillon Beach, Marin County",CA,38.2507515,-122.9652768
"Santa Rosa Beach, Walton County",FL,30.3960324,-86.2288322
"New Smyrna Beach, Volusia County",FL,29.0258191,-80.9269984
Bethune Beach,FL,28.9491539,-80.83783000000001
"Ormond-by-the-Sea, Volusia County",FL,29.3491449,-81.0664455
"Ka'a'awa, Oahu",HI,21.5542244,-157.8504689
"Surf Beach, Lompoc, Santa Barbara County",CA,34.6391501,-120.4579409
"Ponce Inlet, New Smyrna Beach, Volusia County",FL,29.0963729,-80.9369983
"Ponce Inlet, New Smyrna Beach, Volusia County",FL,29.0963729,-80.9369983
"New Smyrna Beach, Volusia County",FL,29.0258191,-80.9269984
Hutchinson Island,FL,27.3545667,-80.2488596
"McKenzie Beach Park in Pahoa, Hawai'i ",HI,19.4954397,-154.9494112
"New Smyrna Beach, Volusia County",FL,29.0258191,-80.9269984
"New Smyrna Beach, Volusia County",FL,29.0258191,-80.9269984
"New Smyrna Beach, Volusia County",FL,29.0258191,-80.9269984
"Surf City, Topsail Island, Pender County",NC,34.4271121,-77.5460805
"Sanibel Island, Lee County",FL,26.4433972,-82.1115119
"North Myrtle Beach, Horry County",SC,33.8160058,-78.680016
Buck Island,nan,17.7870946,-64.62061059999999
"New Smyrna Beach, Volusia County",FL,29.0258191,-80.9269984
"Ala Moana Beach Park, Oah'u",HI,21.2899686,-157.847657
"Honokowai, Maui",HI,20.9715181,-156.6771145
"New Smyrna Beach, Volusia County",FL,29.0258191,-80.9269984
"Lahilahi Point, Oahu",HI,21.4630556,-158.2177778
"Surf City, Topsail Island, Pender County",NC,34.4271121,-77.5460805
"Topsail Island, Pender County",NC,34.3651685,-77.63052929999999
"New Smyrna Beach, Volusia County",FL,29.0258191,-80.9269984
"New Smyrna Beach, Volusia County",FL,29.0258191,-80.9269984
"Carolina Beach, New Hanover County",NC,34.0351726,-77.8935966
"Isle of Palms, Charleston County",SC,32.8194131,-79.7343791
"Emerald Isle, Carteret County",NC,34.6779399,-76.95077619999999
"Litchfield Beach, Georgetown County",SC,33.4668348,-79.0997632
"Kamilo Point, Hawai'i",HI,18.9777777,-155.5986111
"New Smyrna Beach, Volusia County",FL,29.0258191,-80.9269984
"Isle of Palms, Charleston County",SC,32.8194131,-79.7343791
"West Cove, Catalina Island",CA,33.3878856,-118.4163103
"Fernandina Beach, Nassau County",FL,30.6696818,-81.46259189999999
"Cocoa Beach, Brevard  County",FL,28.3200067,-80.6075513
Cherry Grove,SC,40.6597917,-73.0899622
"Hammocks Beach State Park, Bear Island, Onslow County",NC,34.6318297,-77.1488396
"New Smyrna Beach, Volusia County",FL,29.0258191,-80.9269984
"New Smyrna Beach, Volusia County",FL,29.0258191,-80.9269984
"New Smyrna Beach, Volusia County",FL,29.0258191,-80.9269984
"New Smyrna Beach, Volusia County",FL,29.0258191,-80.9269984
"Solana Beach, San Diego County",CA,32.991155,-117.2711481
"New Smyrna Beach, Volusia County",FL,29.0258191,-80.9269984
"Playalinda Beach, Canaveral National Seashore, Brevard County",FL,28.6555177,-80.6318287
"Palm Beach Shores, Palm Beach County",FL,26.7781183,-80.0355962
"1.4 miles south of Ponce de Leon Jetty, New Smyrna Beach, Volusia County",FL,29.0258191,-80.9269984
"South of Ponce de Leon Jetty, New Smyrna Beach, Volusia County",FL,29.0258191,-80.9269984
"New Smyrna Beach / Ponce Inlet, Volusia County",FL,29.0963729,-80.9369983
"Near Cocoa Beach, Brevard  County",FL,28.3200067,-80.6075513
"South of Ponce de Leon Jetty, New Smyrna Beach, Volusia County",FL,29.0258191,-80.9269984
"Beachway Avenue Approach, New Smyrna Beach, Volusia County",FL,29.051143,-80.9046288
"Lovers Key State Park, Bonita Springs, Lee County",FL,26.3938535,-81.8685977
" Huntington Beach, Orange County",CA,33.6594835,-117.9988026
"Ponce Inlet, Volusia County",FL,29.0963729,-80.9369983
"Opposite Patrick Air Force Base, Brevard County",FL,28.2394645,-80.60751719999999
"Playalinda Beach, Canaveral National Seashore, Brevard County",FL,28.6555177,-80.6318287
"Off Fort Pierce, St. Lucie County",FL,27.4467056,-80.3256056
"Waialua Bay, O'ahu",HI,21.5944262,-158.1148221
"New Smyrna Beach, Volusia County",FL,29.0258191,-80.9269984
"Round Island Park, Indian River County",FL,27.5599486,-80.32757749999999
"Wailea, Maui",HI,20.6871826,-156.4391668
"Venice Pier, Venice, Los Angeles County",CA,33.9777877,-118.4690676
"Playalinda Beach, Canaveral National Seashore, Brevard County",FL,28.6555177,-80.6318287
"Santa Monica, Los Angeles County",CA,34.0194543,-118.4911912
"Moonstone Beach, Humboldt County",CA,41.0301251,-124.11229
Jupiter Inlet,FL,26.9478705,-80.07444579999999
Huguenot Park,FL,30.4110088,-81.4204882
"New Smyrna Beach, Volusia County",FL,29.0258191,-80.9269984
"New Smyrna Beach, Volusia County",FL,29.0258191,-80.9269984
"Flagler Beach, Flagler County",FL,29.4749754,-81.1270035
"Lauderdale-by-the-Sea, Broward County",FL,26.192028,-80.0964326
"Pepper Park Beach, St. Lucie County",FL,27.4957492,-80.30101719999999
"Daytona Beach, Volusia County",FL,29.2108147,-81.0228331
Sullivan's Island,SC,32.7632323,-79.8367511
"Daytona Beach, Volusia County",FL,29.2108147,-81.0228331
"Fort Lauderdale, Broward County",FL,26.1224386,-80.13731740000001
"Ka'a'awa, Oahu",HI,21.5542244,-157.8504689
"Marina State Beach, Monterey County",CA,36.6963431,-121.8090743
"New Smyrna Beach, Volusia County",FL,29.0258191,-80.9269984
"New Smyrna Beach, Volusia County",FL,29.0258191,-80.9269984
North Carolina Aquarium at Fort Fisher,NC,33.9626558,-77.92611889999999
"Indian River Inlet, Rehoboth Beach",DE,38.7209454,-75.07601369999999
"Islamorada Founder's Park, Plantation Key, Monroe County",FL,24.9634826,-80.5684062
"New Smyrna Beach, Volusia County",FL,29.0258191,-80.9269984
"Lakewood Campground, Grand Strand, Horry County",SC,33.7460055,-78.8136339
Sarasota Bay,FL,27.3459665,-82.56727269999999
"New Smyrna Beach, Volusia County",FL,29.0258191,-80.9269984
"Ponce Inlet,  New Smyrna Beach, Volusia County",FL,29.0963729,-80.9369983
"Isle of Palms, Charleston County",SC,32.8194131,-79.7343791
"Isle of Palms, Charleston County",SC,32.8194131,-79.7343791
"Islamorada, Monroe County",FL,24.9242943,-80.62783639999999
"Ponce Inlet, Volusia County",FL,29.0963729,-80.9369983
"Imperial Beach, San Diego County",CA,32.5839444,-117.1130849
"Malibu, Los Angeles County",CA,34.0259216,-118.7797571
"Bean Hollow State Beach, San Mateo County",CA,37.2273608,-122.4109773
"Bellows Beach near Wailea Point, Oâ€™ahu",HI,20.6871826,-156.4391668
"North Topsail Beach, Onslow  County",NC,34.4901665,-77.43163
"Faria Beach, Ventura County",CA,34.3182823,-119.3870531
"Atlantic Beach, Carteret County",NC,34.6990505,-76.7402108
"Ponce Inlet, Volusia County",FL,29.0963729,-80.9369983
Marques Island,FL,-9.781216200000001,-139.0817124
"Will Rogers State Beach, Los Angeles County",CA,34.034319,-118.5352568
"New Smyrna Beach, Volusia County",FL,29.0258191,-80.9269984
"Silva's Channel, Mokuleia, O'ahu",HI,21.5801288,-158.1523435
"Vilano Beach, St.  Johns County",FL,29.9385794,-81.3020173
"Turtle Beach, Siesta Key, Sarasota County",FL,27.2178348,-82.51706159999999
Garden City,SC,41.7623227,-71.45172459999999
"Virginia Aquarium & Marine Science Center, Virginia Beach ",VA,36.8212055,-75.98358809999999
"New Smyrna Beach, Volusia County",FL,29.0258191,-80.9269984
"Keawakapu Beach, Maui",HI,20.7039159,-156.4463238
Naples,FL,26.1420358,-81.7948103
"Hutchinson Island, St. Lucie County",FL,27.3545667,-80.2488596
"New Smyrna Beach, Volusia County",FL,29.0258191,-80.9269984
"Florida Keys, Monroe County",FL,25.0979464,-80.4369215
"New Smyrna Beach, Volusia County",FL,29.0258191,-80.9269984
"Normandy Beach, Hutchinson Island,  St. Lucie County",FL,27.3100487,-80.2224991
"Waveland Beach, Hutchinson Island, St. Lucie County",FL,27.275216,-80.2069125
Jupiter Inlet,FL,26.9478705,-80.07444579999999
Delray Beach,FL,26.4614625,-80.0728201
"Tiger Shores Beach, Martin County",FL,27.2210598,-80.1790801
100 miles off Ft. Myers Beach,FL,26.4520248,-81.948145
"Smith Point, Long Island",NY,40.7361661,-72.8564304
"Majors Bay, Kaua'i",HI,22.0097282,-159.7769751
"Dillon Beach, Marin County",CA,38.2507515,-122.9652768
"Kihei, Maui",HI,20.7399409,-156.4541873
"Siletz River mouth, Lincoln County",OR,44.82685365548238,-123.8920347077738
Sebastian Inlet,FL,27.860302,-80.4472737
"Daytona Beach, Volusia County",FL,29.2108147,-81.0228331
"Isla Blanca Park, South Padre Island",TX,26.0753323,-97.1628362
"New Smyrna Beach, Volusia County",FL,29.0258191,-80.9269984
"New Smyrna Beach, Volusia County",FL,29.0258191,-80.9269984
"Off Key Largo, Monroe County",FL,25.0865151,-80.4472802
Onslow Beach,NC,34.570442,-77.2685663
"Singer Island, Riviera Beach",FL,26.7841537,-80.03602719999999
"New Smyrna Beach, Volusia County",FL,29.0258191,-80.9269984
"New Smyrna Beach, Volusia County",FL,29.0258191,-80.9269984
"New Smyrna Beach, Volusia County",FL,29.0258191,-80.9269984
"Florence, Lane County",OR,43.9826214,-124.0998409
"Masonboro Island, New Hanover County",NC,34.1329044,-77.8510213
"Newport Aquarium, Newport",KY,39.09466400000001,-84.4974482
Oswald State Park,OR,45.769811,-123.9590931
"Broad Beach, Malibu, Los Angeles County",CA,34.0309916,-118.8437292
"Playalinda Beach, Canaveral National Seashore, Brevard County",FL,28.6555177,-80.6318287
"New Smyrna Beach, Volusia County",FL,29.0258191,-80.9269984
"Sargent Beach, Matagorda County",TX,28.7711167,-95.6182654
"Singleton Beach, Hilton Head Island, Beaufort County",SC,32.1879522,-80.7011667
"Kiawah Island, Charleston County",SC,32.6082373,-80.0848166
"New Smyrna Beach, Volusia County",FL,29.0258191,-80.9269984
"Ponte Vedra Beach, St Johns County",FL,30.2400058,-81.3852595
"Debordieu Beach, Georgetown County",SC,33.3690565,-79.1517111
"Playalinda Beach, Canaveral National Seashore, Brevard County",FL,28.6555177,-80.6318287
"Florida Keys, Monroe County",FL,25.0979464,-80.4369215
"Florida Keys, Monroe County",FL,25.0979464,-80.4369215
"Hutchinson Island, St. Lucie County",FL,27.3545667,-80.2488596
Fort Myers,FL,26.640628,-81.8723084
"New Smyrna Beach, Volusia County",FL,29.0258191,-80.9269984
"Monterey, Monterey County",CA,36.6002378,-121.8946761
"New Smyrna Beach, Volusia County",FL,29.0258191,-80.9269984
"Coligny Beach, Hilton Head, Beaufort County",SC,32.14156200000001,-80.7510617
O'ahu,HI,21.4389123,-158.0000565
French Frigate Shoals,HI,23.748889,-166.146111
"North Shore, O'ahu",HI,21.5616575,-158.0715983
Lanai,HI,20.8165975,-156.9273193
Gun Beach,nan,13.5243048,144.8033577
"Cocoa Beach, Brevard  County",FL,28.3200067,-80.6075513
"Hutchinson Island, St. Lucie County",FL,27.3545667,-80.2488596
"Alligator Reef off Islamorada, Monroe County",FL,24.8517617,-80.61886129999999
"Sebastian Inlet, Brevard County",FL,28.263933,-80.7214417
"Daytona Beach, Volusia County",FL,29.2108147,-81.0228331
"Port of the Islands, Collier County",FL,25.9584158,-81.51106630000001
"Marco Island, Collier County",FL,25.9397412,-81.70753549999999
"Leftovers, near Waimea Bay, O'ahu",HI,21.6415052,-158.0671269
"Makena, Maui",HI,20.6544444,-156.4425
"Makena, Maui",HI,20.6544444,-156.4425
"Off Pu'u Ola'l, Makena, Maui",HI,20.7127778,-156.2558333
"Santa Cruz, Santa Cruz County",CA,36.9741171,-122.0307963
"Round Island Park, Indian River County",FL,27.5599486,-80.32757749999999
"Tillamook Head, Clatsop County",OR,45.94149640000001,-123.9568056
"Keawakapu Beach, Maui",HI,20.7039159,-156.4463238
"Cape San Blas, Gulf County",FL,29.6675478,-85.3524776
"Ponce Inlet, New Smyrna Beach, Volusia County",FL,29.0963729,-80.9369983
"Jensen Beach, Martin County ",FL,27.2544906,-80.22976969999999
"New Smyrna  Beach, Volusia County",FL,29.0258191,-80.9269984
"New Smyrna  Beach, Volusia County",FL,29.0258191,-80.9269984
"Mavericks, Half Moon Bay, San Mateo County",CA,37.4955696,-122.496687
"Ocean Beach, San Francisco, San Francisco County",CA,37.75939210000001,-122.510734
"Ponce de Leon Inlet, Volusia County ",FL,29.0711350827738,-80.92284662559236
"Klamath River mouth, Del Norte County",CA,41.7076287,-123.9659708
"Salmon Beach, Sonoma County",CA,38.3592396,-123.0682435
"Ponce Inlet, Volusia County",FL,29.0963729,-80.9369983
"Honokowai, Maui",HI,20.9715181,-156.6771145
"Ponce Inlet, Volusia County",FL,29.0963729,-80.9369983
"Tigertail Beach, Collier County",FL,25.9490043,-81.7427834
"Myrtle Beach, Horry County",SC,33.6890603,-78.8866943
Folly Beach,SC,32.6551798,-79.94036729999999
"North Topsail Beach, Onslow County",NC,34.4901665,-77.43163
"Ponce Inlet, Volusia County",FL,29.0963729,-80.9369983
"Scripps, LaJolla, San Diego County",CA,32.8328112,-117.2712717
"6th Avenue North, Myrtle Beach, Horry County",SC,33.6908575,-78.8857802
"34th Avenue North, Myrtle Beach, Horry County",SC,33.7128991,-78.8601282
Crystal Beach (east of Galveston),TX,29.457177,-94.6396378
"Carolina Beach off Texas Avenue, New Hanover County",NC,34.016343,-77.9029636
"Isle of Palms, Charleston County",SC,32.8194131,-79.7343791
"Off Zelda Boulevard, Daytona Beach, Volusia Countyy",FL,29.249284,-81.0230353
"Ormond Beach, Volusia County",FL,29.2858129,-81.0558894
"Quarter mile south of Ponce de Leon Inlet, Volusia County",FL,29.0711350827738,-80.92284662559236
"Holden Beach, Brunswick County",NC,33.9139209,-78.26938849999999
"Port Bolivar, Galveston County",TX,29.3807901,-94.7643623
"Boca Grande, Lee County",FL,26.7490152,-82.2616717
"Cape San Blas, Gulf County",FL,29.6675478,-85.3524776
"Destin, Walton County",FL,30.56401989999999,-86.17517590000001
Maui,HI,20.7983626,-156.3319253
"Howard E. Futch Memorial Park at Paradise Beach, Brevard County",FL,28.1219819,-80.5760479
"Kiawah Island, Charleston County",SC,32.6082373,-80.0848166
"Surf City, Long Beach Island, Ocean County",NJ,39.6620638,-74.16513770000002
"Mustang Island, Corpus Christi",TX,27.7103944,-97.1628647
Daytona Beach Shores,FL,29.1760933,-80.9828323
"Sand Key Beach, Clearwater, Pinellas County",FL,27.9621494,-82.8317823
"North Kihei, Maui",HI,20.7969219,-156.48647
Off Sullivans Island,SC,32.7632323,-79.8367511
"Noreiga's, Maui",HI,20.7983626,-156.3319253
"Crescent Beach, Sarasota County",FL,27.2556046,-82.54037559999999
"Central Gulf Coast, St. John County",FL,29.9719419,-81.42789839999999
"Isla Blanca Park, South Padre Island, Cameron County",TX,26.0753323,-97.1628362
"Jacksonville Beach, Duval County",FL,30.2841224,-81.3961338
"Albuquerue Aquarium, Albuquerue",NM,35.0931563,-106.6792669
"Long Key, Monroe County",FL,24.8171576,-80.8156324
"Rocky Point, north shore of O'ahu",HI,21.6730556,-158.0494444
Fort Lauderdale,FL,26.1224386,-80.13731740000001
"Bunkers, Humboldt Bay, Eureka, Humboldt County",CA,40.7195153,-124.242601
"Limantour Beach, Point Reyes National Seashore",CA,38.0271941,-122.8941424
Moloka'i,HI,21.1443935,-157.0226297
"Pismo Beach, San Luis Obispo County",CA,35.1427533,-120.6412827
"Lifeguard Tower 16, Huntington Beach, Orange County",CA,33.6565885,-118.0047298
Gold  Beach,OR,42.4073334,-124.421774
South Padre Island,TX,26.1118401,-97.16812569999999
"North of Apache Pier, Myrtle Beach, Horry County",nan,33.7628505,-78.7810199
"New Smyrna Beach / Cape Canaveral  National Seashore, Brevard County",FL,28.7953098,-80.7600947
"204s, San Clemente, Orange County",CA,33.4276762,-117.6277476
"Kibesillah, Mendocino County",CA,39.59028,-123.77667
"Big Bayou, St. Petersburg, Pinellas County ",FL,27.7412923,-82.6341636
"Cocoa  Beach, Brevard County",FL,28.3200067,-80.6075513
"Rodanthe, Dare County",NC,35.600383,-75.4655882
"Carolina Beach, New Hanover County",NC,34.0351726,-77.8935966
Galveston Island,TX,29.241005,-94.90913289999999
"Bryan Beach, Brazoria County",TX,28.8833061,-95.3785523
"Gulf Shores Beach, Baldwin County",AL,30.2460361,-87.70081929999999
"San Onofre State Beach, San Diego County",CA,33.3728077,-117.5656012
"Disney / Vero Beach, Indian River County",FL,27.7615664,-80.3967349
"Daytona Beach Shores, Volusia County",FL,29.1760933,-80.9828323
"Pirate's Beach, Galveston Island",TX,29.2044545,-94.9364053
"Salmon Creek, Sonoma County",CA,38.350472,-123.0622242
"St. Augustine, St. John's County",FL,29.9012437,-81.31243409999999
St. Augustine  St. Johns County,FL,29.9012437,-81.31243409999999
"Jacksonville Beach, Duval County",FL,30.2841224,-81.3961338
Channel between South Padre Island & Padre Island National Seashore,TX,26.1118401,-97.16812569999999
"Kahana Beach, Maui",HI,20.9766667,-156.6825
Velzyland,HI,21.6846128,-158.0313241
"Ocean Reef Park, Singer Island, Palm Beach County",FL,26.7937155,-80.032878
"Stuart Rocks, Martin County",FL,27.197548,-80.2528257
"Pelican Beach Park, Satellite Beach, Brevard County",FL,28.1673007,-80.58775969999999
"Sanibel Island, Lee County",FL,26.4433972,-82.1115119
Punaluu,HI,21.5907587,-157.8911301
"Kalihiwai Beach, Kauai",HI,22.215681,-159.4283612
"Miami, Dade County",FL,25.5516034,-80.6326916
"Melbourne Beach, Brevard County",FL,28.0683496,-80.56033029999999
"Daytona Beach, Volusia County",FL,29.2108147,-81.0228331
"South Jetty, New Smyrna Beach, Volusia County",FL,29.0599541,-80.9526133
"Ponte Vedra Beach, St. Johns County",FL,30.2400058,-81.3852595
"Tunnels surf break off Makua Beach, Kaua'i",HI,22.2238537,-159.5610662
"New Smyrna Beach, Volusia County",FL,29.0258191,-80.9269984
Honolua Bay,HI,21.0139474,-156.638533
Near Patrick Air Force Base Brevard County,FL,28.2394645,-80.60751719999999
Palm Beach?,FL,26.7056206,-80.0364297
"Ocean Reef Park, Singer Island, Palm Beach County",FL,26.7937155,-80.032878
"Stuart Park Beach, Martin County",FL,27.197548,-80.2528257
"South Jetty, New Smyrna Beach, Volusia County",FL,29.0599541,-80.9526133
"Crawford Road beach approach at New Smyrna Beach, Volusia County",FL,29.0435193,-80.9007787
"Cove Beach / Kalama Beach, Kihei, Maui",HI,20.7314382,-156.4529327
"North Hutchinson Island, St. Lucie Couny",FL,27.6503152,-80.363081
"Ponce Inlet, New Smyrna Beach, Volusia County",FL,29.0963729,-80.9369983
"Ponce Inlet, New Smyrna Beach, Volusia County",FL,29.0963729,-80.9369983
"New Smyrna Beach, Volusia County",FL,29.0258191,-80.9269984
"New Smyrna Beach, Volusia County",FL,29.0258191,-80.9269984
"Bathtub Reef Beach, Martin County",FL,27.186242,-80.16036
"Daytona Beach, Volusia County ",FL,29.2108147,-81.0228331
"Isle of Palms, Charleston County",SC,32.8194131,-79.7343791
"Boca Grande, Lee County",FL,26.7490152,-82.2616717
1.5 miles off Surfside ,TX,26.7490152,-82.2616717
"Avila Beach, San Luis Obispo County",CA,35.1800113,-120.7319127
"Venice Beach, Los Angeles County",CA,33.9850469,-118.4694832
"Ponce Inlet, New Smyrna Beach, Volusia County",FL,29.0963729,-80.9369983
"Daytona Beach, Volusia County",FL,29.2108147,-81.0228331
"Near New Smyrna Jetty, Volusia County",FL,29.0738347,-80.9112452
"Canova Beach, Brevard County",FL,28.136489,-80.5796034
"Fort Lauderdale, Broward County",FL,26.1224386,-80.13731740000001
"New Smyrna Beach, Volusia County",FL,29.0258191,-80.9269984
St Augustine Beach. St. Johns County,FL,29.8439828,-81.2711546
"Cocoa Beach, Brevard County",FL,28.3200067,-80.6075513
"Makua Beach, Oahu",HI,21.5319042,-158.2294045
"Masonboro Island, New Hanover County",NC,34.1329044,-77.8510213
"Ponce Inlet, Volusia County",FL,29.0963729,-80.9369983
"Pawleys Island, Georgetown County",SC,33.4332236,-79.12143130000001
"Coral Cove Park, Jupiter Inlet, Palm Beach County",FL,26.9478705,-80.07444579999999
"Ponce de Leon Inlet, Volusia County ",FL,29.0711350827738,-80.92284662559236
Between Magic Sands Beach and Kahaluu Beach on the Kona coast,HI,19.5943328,-155.9718466
"New Smyrna Beach, Volusia County",FL,29.0258191,-80.9269984
"Daytona Beach Shores, Volusia County",FL,29.1760933,-80.9828323
"Melbourne Beach, Brevard County ",FL,28.0683496,-80.56033029999999
"Shepard Park, Cocoa Beach, Brevard County ",FL,28.3579479,-80.60531069999999
"Playalinda Beach, Brevard County",FL,28.6555177,-80.6318287
"Sunglow Pier, Daytona Beach Shores, Volusia County",FL,29.146674,-80.9643261
"New Smyrna Beach, Volusia County",FL,29.0258191,-80.9269984
"New Smyrna Beach, Volusia County  ",FL,29.0258191,-80.9269984
"North Beach, Patrick AFB, Brevard County",FL,28.2394645,-80.60751719999999
"Cocoa Beach, Brevard County",FL,28.3200067,-80.6075513
"Melbourne Beach, Brevard County",FL,28.0683496,-80.56033029999999
"New Smyrna Beach, Volusia County",FL,29.0258191,-80.9269984
"Petting Tank, Florida Aquarium, Tampa, Hillsborough County",FL,27.943972,-82.44487470000001
"Jupiter, Palm Beach County",FL,26.9342246,-80.0942087
"Salmon Creek, Sonoma County",CA,38.350472,-123.0622242
Ka'anapali,HI,20.9358982,-156.6900541
"Ponce Inlet, New Smyrna Beach, Volusia County",FL,29.0963729,-80.9369983
"New Smyrna Beach, Volusia County",FL,29.0258191,-80.9269984
"Kama'ole Beach Park I, Kihei, Maui",HI,20.7221617,-156.4479447
"Opposite main gate at Patrick Air Force Base, Cape Canaveral, Brevard County",FL,28.2394645,-80.60751719999999
"New Smyrna Beach, Volusia County",FL,29.0258191,-80.9269984
"New Smyrna Beach, Volusia County",FL,29.0258191,-80.9269984
"New Smyrna Beach, Volusia County",FL,29.0258191,-80.9269984
"Ormond Beach, Volusia County",FL,29.2858129,-81.0558894
"Sebastian Inlet, Brevard County",FL,28.263933,-80.7214417
"Kahala, O'ahu",HI,21.2697044,-157.7864379
"Key Largo, Monroe County",FL,25.0865151,-80.4472802
Cape Kiwanda,OR,45.2152814,-123.9695844
"Moonstone Beach, Humboldt County",CA,41.0301251,-124.11229
"Hideaways Beach, Princeville, Kaua'i",HI,22.22329,-159.4958414
"Ponce Inlet, New Smyrna Beach, Volusia County",FL,29.0963729,-80.9369983
"Daytona Beach Shores, Volusia County",FL,29.1760933,-80.9828323
"Kewalo Basin Channel, O'ahu",HI,21.2919685,-157.8581021
"Gulf of Mexico, 65 miles offshore from Mobile",AL,30.6953657,-88.0398912
"New Smyrna Beach, Volusia County",FL,29.0258191,-80.9269984
"Vero Beach, Indian River County",FL,27.6386434,-80.39727359999999
"Ponce De Leon Inlet, Volusia County",FL,29.0711350827738,-80.92284662559236
"Topsail Beach, Pender County",NC,34.3651685,-77.63052929999999
"Myrtle Beach, Horry County",SC,33.6890603,-78.8866943
"Emerald Isle, Carteret County",NC,34.6779399,-76.95077619999999
"Ponce Inlet, New Smyrna Beach, Volusia County",FL,29.0963729,-80.9369983
"100 miles off Ocean City, Maryland, in 7000' of water",MD,38.4127352,-75.0591189
"Wrightsville Beach, New Hanover County",NC,34.2085036,-77.7963709
"New Smyrna Beach, Volusia County",FL,29.0258191,-80.9269984
"Anini Beach, Kaua'i",HI,22.2232101,-159.4629983
"St Augustine Beach, St Johns County",FL,29.8439828,-81.2711546
"South of Ponce Inlet, New Smyrna Beach, Volusia County",FL,29.0963729,-80.9369983
"Jensen Beach, Martin County ",FL,27.2544906,-80.22976969999999
"Stinson Beach, Marin County",CA,37.9004816,-122.6444263
"St. George Island (near Apachicola), Franklin County",FL,29.6584899,-84.8802444
"a pier at the end of Caxambas Drive, Marco Island ",FL,25.913041,-81.694921
"Atlantic Avenue, Palm Beach County",FL,26.7234923,-80.0386795
"Ten Thousand Islands National Wildlife Refuge, Collier County",FL,25.8362346,-81.54318719999999
"St. Augustine Beach, St. Johns County",FL,29.8439828,-81.2711546
"New Smyrna Beach, Volusia County",FL,29.0258191,-80.9269984
"New Smyrna Beach, Volusia County",FL,29.0258191,-80.9269984
"Lauderdale-By-The-Sea, Broward County",FL,26.192028,-80.0964326
"Brenecke Beach, Po'ipu, Kaua'i",HI,21.8762603,-159.4537791
"Cocoa Beach, Brevard County",FL,28.3200067,-80.6075513
"Daytona Beach Shores, Volusia County",FL,29.1760933,-80.9828323
"Deerfield Beach (near Boca Raton), Broward County",FL,26.3184123,-80.09976569999999
"New Smyrna Beach, Volusia County",FL,29.0258191,-80.9269984
"Olowalu, Maui",HI,20.811411,-156.6225893
"Kapalua, Maui",HI,20.9994687,-156.6640055
"Ponce Inlet, Volusia County",FL,29.0963729,-80.9369983
"New Smyrna Beach, Volusia County",FL,29.0258191,-80.9269984
"2 miles off Pompano Beach, Broward County",FL,26.2750783,-80.1555052
A quarter mile north of Fort Pierce Inlet,FL,27.4727372,-80.28578949999999
"North Topsail Beach, Onslow County",NC,34.4901665,-77.43163
"Everglades National Park, Monroe County",FL,25.2866155,-80.89865089999999
"Key Biscayne, Dade County",FL,25.693713,-80.1628248
"Waites Island, Horry County",SC,33.8487836,-78.5747337
"Avon, Hatteras Island, Outer Banks, Dare County",NC,35.5584932,-75.4665158
"Avon, Hatteras Island, Outer Banks, Dare County",NC,35.5584932,-75.4665158
"Mayport Naval Station, Jacksonville, Duval Country",FL,30.38842279999999,-81.407636
"Sandbridge Beach, Princess Anne County",VA,36.7515387,-76.0529875
"Coquina Beach, Anna Maria Island, Manatee County",FL,27.4483328,-82.6921634
"New Smyrna Beach, Volusia County",FL,29.0258191,-80.9269984
"New Smyrna Beach, Volusia County",FL,29.0258191,-80.9269984
"New Smyrna Beach, Volusia County",FL,29.0258191,-80.9269984
"Daytona, Volusia County ",FL,29.2108147,-81.0228331
"New Smyrna Beach, Volusia County",FL,29.0258191,-80.9269984
"New Smyrna Beach, Volusia County",FL,29.0258191,-80.9269984
"New Smyrna Beach, Volusia County",FL,29.0258191,-80.9269984
"Wilbur-by-the-Sea, Volusia County",FL,29.1289351,-80.9574023
"New Smyrna Beach, Volusia County",FL,29.0258191,-80.9269984
"New Smyrna Beach, Volusia County",FL,29.0258191,-80.9269984
"New Smyrna Beach, Volusia County",FL,29.0258191,-80.9269984
"Near 70th Avenue, Myrtle Beach, Horry County",SC,33.7405386,-78.8220731
"Myrtle Beach, Horry County",SC,33.6890603,-78.8866943
"Taverniier, Monroe County",FL,25.0115186,-80.51506080000001
"Marathon , Monroe County",FL,24.726026,-81.0446262
Chatham Island,MA,-43.9271098,-176.4592091
"Santa Rosa Island, Escambia County",FL,30.3978561,-86.7290634
"Amelia Island, Nassau County",FL,30.6265697,-81.46085599999999
Gulf Islands National Seashore,FL,30.3918514,-88.791067
"Isle of Palms, Charleston County ",SC,32.8194131,-79.7343791
"Jekyll Island, Glynn County",GA,31.07349189999999,-81.4114142
Padre Island National Seashore,TX,27.4914221,-97.27983479999999
Catalina Island,CA,33.3878856,-118.4163103
"Off 21st Avenue, Isle of Palms, Charleston County",SC,32.7912136,-79.7845127
Galveston Island,TX,29.241005,-94.90913289999999
"Coligny Beach, Hilton Head, Beaufort County",SC,32.14156200000001,-80.7510617
"Fripp Island, Beaufort County",SC,32.315928,-80.48364409999999
"Jacksonville, Duval County",FL,30.3321838,-81.65565099999999
"New Smyrna Beach, Volusia County",FL,29.0258191,-80.9269984
"New Smyrna Beach, Volusia County",FL,29.0258191,-80.9269984
"New Smyrna Beach, Volusia County",FL,29.0258191,-80.9269984
"Waveland Beach, Hutchinson Island, St Lucie County",FL,27.275216,-80.2069125
"New Smyrna Beach, Volusia County",FL,29.0258191,-80.9269984
"New Smyrna Beach, Volusia County",FL,29.0258191,-80.9269984
"New Smyrna Beach, Volusia County",FL,29.0258191,-80.9269984
"New Smyrna Beach / Waveland, Volusia County",FL,29.0258191,-80.9269984
"New Smyrna Beach, Volusia County",FL,29.0258191,-80.9269984
"New Smyrna Beach / Waveland, Volusia County",FL,29.0258191,-80.9269984
"Ewa Beach, O'ahu",HI,21.3123894,-158.0100917
"New Smyrna Beach, Volusia County",FL,29.0258191,-80.9269984
"Bethune Beach, south of New Smyrna Beach, Volusia County",FL,28.9491539,-80.83783000000001
"Sandy Beach, Oahu",HI,21.2856532,-157.6727453
"Coral Cove Park, Jupiter Island, Martin County",FL,27.1473295,-80.15681339999999
"Sunset Cliffs, San Diego",CA,32.72518400000001,-117.2530541
"Bonita Springs, Lee County",FL,26.339806,-81.7786972
"Vaughn Beach, Flagler County",FL,29.4086072,-81.2518833
"1/4 to 1/2 m north of the jetty at Bunkers, Eureka, Humboldt County",CA,40.8020712,-124.1636729
"Fort Pierce Inlet State Park, St Lucie County",FL,27.4820331,-80.3016686
Olowalu,HI,20.811411,-156.6225893
"South Beach, Sebastian, Indian River County",FL,27.5897323,-80.3331127
"Lake Worth Inlet/West Palm Beach, Palm Beach County",FL,26.772285,-80.037263
"New Smyrna Beach, Volusia County",FL,29.0258191,-80.9269984
"New Smyrna Beach, Volusia County",FL,29.0258191,-80.9269984
"Wrightsville Beach, New Hanover County",NC,34.2085036,-77.7963709
"Mavericks, Half Moon Bay, San Mateo County",CA,37.4955696,-122.496687
"Isle of Palms, Charleston County",SC,32.8194131,-79.7343791
"Fort Pierce Inlet, St Lucie County",FL,27.4727372,-80.28578949999999
"Sebastian Inlet, Indian River or Brevard County",FL,28.263933,-80.7214417
"Daytona Beach Shores, Volusia County",FL,29.1760933,-80.9828323
"Vero Beach, Indian River County",FL,27.6386434,-80.39727359999999
"New Smyrna Beach, Volusia County",FL,29.0258191,-80.9269984
"New Smyrna Beach, Volusia County",FL,29.0258191,-80.9269984
"Boca Ciega Bay, Tampa, Pinellas County",FL,27.7926967,-82.7657265
Prince William Sound,AK,60.6905448,-147.0970548
"Bouges Bank, Emerald Isle, Carteret County",NC,34.6779399,-76.95077619999999
"Kanaha Beach, Maui",HI,20.8996987,-156.4405938
"South Jacksonville Beach, Duval County",FL,30.2841224,-81.3961338
"St. Augustine, St. Johns County",FL,29.9012437,-81.31243409999999
"Emerald Isle, Carteret County",NC,34.6779399,-76.95077619999999
Florida Keys,FL,25.0979464,-80.4369215
"New Smyrna Beach, Volusia County",FL,29.0258191,-80.9269984
"Big Pine Key, Monroe County ",FL,24.6698652,-81.35396899999999
"Oceanic Pier, Wrightsville Beach, New Hanover County",NC,34.1935142,-77.80497729999999
"Holden Beach, Brunswick County",NC,33.9139209,-78.26938849999999
"Daytona  Beach, Volusia County",FL,29.2108147,-81.0228331
"Neptune Avenue, Ormond Beach, Volusia County",FL,29.299783,-81.0479799
"Mustang Island, Corpus Christi",TX,27.7103944,-97.1628647
"Pine Island, Corolla, Currituck County",NC,36.275444,-75.7935238
"Daytona Beach, Volusia County",FL,29.2108147,-81.0228331
"Artifical reef 3 miles off Manatee Beach, Manatee County",FL,27.4997598,-82.7139885
"Smyrna Dunes  Park, New Smyrna Beach, Volusia County",FL,29.0654833,-80.9108271
"Smyrna Dunes Park, New Smyrna Beach, Volusia County",FL,29.0654833,-80.9108271
"Seminole Avenue, Ormond Beach, Volusia County",FL,29.285113,-81.0393989
"Pensacola Bay, Escambia County",FL,30.4159301,-87.1323139
"J.P. Luby Surf Park, Corpus Christi",TX,27.6192407,-97.20067309999999
"Gulf Shores, Baldwin County",AL,30.2460361,-87.70081929999999
"Gulf Shores, Baldwin County",AL,30.2460361,-87.70081929999999
"27th Avenue, New Smyrna Beach, Volusia County",FL,29.0093644,-80.8786348
"On the south side of Ponce Inlet, Volusia County",FL,29.0963729,-80.9369983
"Municipal Beach, Riviera Beach, Palm Beach County",FL,26.7753405,-80.0580969
Santa Rosa Sound Escambia County,FL,30.4019171,-86.7768273
"Juno Beach, Palm Beach County",FL,26.8797819,-80.0533743
"Floridana Beach, Brevard County",FL,27.9456312,-80.497996
Midnight Lump (38 miles offshore),LA,27.9456312,-80.497996
"Riviera Beach, Palm Beach County",FL,26.7753405,-80.0580969
"Boca Grande, Lee County",FL,26.7490152,-82.2616717
